"","SampleID","notes","sampling date","sampling time","movement","Station_start","Station_end","sample type","medium","Station","ecosystem","depth.x","filtration","pore size","replicate","time","bottle","filter type","time point","Season","Latitude.x","Longitude.x","depth_chr","depth_num","Sampling_month","depth.y","pressure","temperature","temperature2","conductivity","conductivity2","salinity","salinity2","beamAttenuation","fluorescence","oxygen","oxygen2","oxygen3","flag","File","Latitude.y","Longitude.y","system_upload_time_chr","system_upload_time","depth_diff"
"1","20250722-ESe19a","torp","07.22.2025",11:50:00,"transition",NA,NA,"eDNA","water","ELKHORN SLOUGH","estuary","0","passive","20","1","1",19,"disk",3,"Summer2025",36.8117,-121.77959,"0",0,"July",NA,NA,NA,NA,NA,NA,NA,NA,NA,NA,NA,NA,NA,NA,NA,NA,NA,NA,NA,0
"2","20250722-ESe19a-2","torp","07.22.2025",11:50:00,"transition",NA,NA,"eDNA","water","ELKHORN SLOUGH","estuary","0","passive","20","1","1",19,"disk",3,"Summer2025",36.8117,-121.77959,"0",0,"July",NA,NA,NA,NA,NA,NA,NA,NA,NA,NA,NA,NA,NA,NA,NA,NA,NA,NA,NA,0
"3","20250722-ESe19b","torp","07.22.2025",11:50:00,"transition",NA,NA,"eDNA","water","ELKHORN SLOUGH","estuary","0","passive","20","2","1",19,"disk",3,"Summer2025",36.8117,-121.77959,"0",0,"July",NA,NA,NA,NA,NA,NA,NA,NA,NA,NA,NA,NA,NA,NA,NA,NA,NA,NA,NA,0
"4","20250722-ESe20a",NA,"07.22.2025",11:50:00,"stationary",NA,NA,"eDNA","water","ELKHORN SLOUGH","estuary","0","active","0.22","1",NA,19,"disk",3,"Summer2025",36.8117,-121.77959,"0",0,"July",NA,NA,NA,NA,NA,NA,NA,NA,NA,NA,NA,NA,NA,NA,NA,NA,NA,NA,NA,0
"5","20250722-ESe20b",NA,"07.22.2025",11:50:00,"stationary",NA,NA,"eDNA","water","ELKHORN SLOUGH","estuary","0","active","0.22","2",NA,20,"disk",3,"Summer2025",36.8117,-121.77959,"0",0,"July",NA,NA,NA,NA,NA,NA,NA,NA,NA,NA,NA,NA,NA,NA,NA,NA,NA,NA,NA,0
"6","20250722-ESe20c",NA,"07.22.2025",11:50:00,"stationary",NA,NA,"eDNA","water","ELKHORN SLOUGH","estuary","0","active","0.22","3",NA,20,"disk",3,"Summer2025",36.8117,-121.77959,"0",0,"July",NA,NA,NA,NA,NA,NA,NA,NA,NA,NA,NA,NA,NA,NA,NA,NA,NA,NA,NA,0
"7","20250722-ESe21a",NA,"07.22.2025",11:50:00,"stationary",NA,NA,"eDNA","water","ELKHORN SLOUGH","estuary","0","active","0.22","1",NA,20,"disk",3,"Summer2025",36.8117,-121.77959,"0",0,"July",NA,NA,NA,NA,NA,NA,NA,NA,NA,NA,NA,NA,NA,NA,NA,NA,NA,NA,NA,0
"8","20250722-ESe21b",NA,"07.22.2025",11:50:00,"stationary",NA,NA,"eDNA","water","ELKHORN SLOUGH","estuary","0","active","0.22","2",NA,21,"disk",3,"Summer2025",36.8117,-121.77959,"0",0,"July",NA,NA,NA,NA,NA,NA,NA,NA,NA,NA,NA,NA,NA,NA,NA,NA,NA,NA,NA,0
"9","20250722-ESe21c",NA,"07.22.2025",11:50:00,"stationary",NA,NA,"eDNA","water","ELKHORN SLOUGH","estuary","0","active","0.22","3",NA,21,"disk",3,"Summer2025",36.8117,-121.77959,"0",0,"July",NA,NA,NA,NA,NA,NA,NA,NA,NA,NA,NA,NA,NA,NA,NA,NA,NA,NA,NA,0
"10","20250722-ESe22a",NA,"07.22.2025",11:50:00,"stationary",NA,NA,"eDNA","water","ELKHORN SLOUGH","estuary","0","active","0.22","1",NA,21,"disk",3,"Summer2025",36.8117,-121.77959,"0",0,"July",NA,NA,NA,NA,NA,NA,NA,NA,NA,NA,NA,NA,NA,NA,NA,NA,NA,NA,NA,0
"11","20250722-ESe22b","20250722_Ese_22b","07.22.2025",11:50:00,"stationary",NA,NA,"eDNA","water","ELKHORN SLOUGH","estuary","0","active","0.22","2",NA,22,"disk",3,"Summer2025",36.8117,-121.77959,"0",0,"July",NA,NA,NA,NA,NA,NA,NA,NA,NA,NA,NA,NA,NA,NA,NA,NA,NA,NA,NA,0
"12","20250722-ESe22c","20250722_Ese_22c","07.22.2025",11:50:00,"stationary",NA,NA,"eDNA","water","ELKHORN SLOUGH","estuary","0","active","0.22","3",NA,22,"disk",3,"Summer2025",36.8117,-121.77959,"0",0,"July",NA,NA,NA,NA,NA,NA,NA,NA,NA,NA,NA,NA,NA,NA,NA,NA,NA,NA,NA,0
"13","20250722-ESe-23a",NA,"07.22.2025",11:50:00,"stationary",NA,NA,"eDNA","water","ELKHORN SLOUGH","estuary","0","active","0.22","1",NA,23,"disk",3,"Summer2025",36.8117,-121.77959,"0",0,"July",NA,NA,NA,NA,NA,NA,NA,NA,NA,NA,NA,NA,NA,NA,NA,NA,NA,NA,NA,0
"14","20250722-ESe-23b",NA,"07.22.2025",11:50:00,"stationary",NA,NA,"eDNA","water","ELKHORN SLOUGH","estuary","0","active","0.22","2",NA,23,"disk",3,"Summer2025",36.8117,-121.77959,"0",0,"July",NA,NA,NA,NA,NA,NA,NA,NA,NA,NA,NA,NA,NA,NA,NA,NA,NA,NA,NA,0
"15","202507-control","instead of 23c, MolGrade H20","07.22.2025",03:05:00,NA,NA,NA,"blank",NA,"ELKHORN SLOUGH","estuary","0","active","0.22","1",NA,NA,"disk",3,"Summer2025",36.8117,-121.77959,"0",NA,"July",NA,NA,NA,NA,NA,NA,NA,NA,NA,NA,NA,NA,NA,NA,NA,NA,NA,NA,NA,NA
"16","Es-5","20250722_blank_5 old filters in lab","07.22.2025",NA,NA,NA,NA,"blank",NA,"ELKHORN SLOUGH","estuary","0",NA,"0.22","2",NA,NA,"disk",3,"Summer2025",NA,NA,"0",NA,"July",NA,NA,NA,NA,NA,NA,NA,NA,NA,NA,NA,NA,NA,NA,NA,NA,NA,NA,NA,NA
"17","Es-6","20250722_blank_6 new control brought to field","07.22.2025",NA,NA,NA,NA,"blank",NA,"ELKHORN SLOUGH","estuary","0",NA,"0.22","3",NA,NA,"disk",3,"Summer2025",NA,NA,"0",NA,"July",NA,NA,NA,NA,NA,NA,NA,NA,NA,NA,NA,NA,NA,NA,NA,NA,NA,NA,NA,NA
"18","Es-7","20250722_blank_7: new control dry in lab","07.22.2025",NA,NA,NA,NA,"blank",NA,"ELKHORN SLOUGH","estuary","0",NA,"0.22","4",NA,NA,"disk",3,"Summer2025",NA,NA,"0",NA,"July",NA,NA,NA,NA,NA,NA,NA,NA,NA,NA,NA,NA,NA,NA,NA,NA,NA,NA,NA,NA
"19","20250722-ESe-8","20250722_blank_8: new control dry in lab","07.22.2025",NA,NA,NA,NA,"blank",NA,"ELKHORN SLOUGH","estuary","0",NA,"0.22","5",NA,NA,"disk",3,"Summer2025",NA,NA,"0",NA,"July",NA,NA,NA,NA,NA,NA,NA,NA,NA,NA,NA,NA,NA,NA,NA,NA,NA,NA,NA,NA
"20","20250723-OSWS-BLNK","MolGrad H20","07.23.2025",NA,NA,NA,NA,"blank",NA,"OSWS","marine","0","active","0.22","1",NA,NA,"Sterivex",3,"Summer2025",36.6775,-122.53517,"0",NA,"July",1.985,NA,NA,NA,NA,NA,NA,NA,NA,NA,NA,NA,NA,NA,NA,36.6915,-122.478333333333,NA,NA,NA
"21","20250723-OSWS-300m-1",NA,"07.23.2025",NA,"stationary",NA,NA,"eDNA","water","OSWS","marine","10","active","0.22","1",NA,NA,"Sterivex",3,"Summer2025",36.6775,-122.53517,"10",10,"July",1.985,2,14.7745,14.791,4.122659,4.123172,33.6892,33.6535,1.3721,0.37702,6.9659,120.842,303.507,0,"SynchroOSW - Summer2025 - CTD - Synchro1.cnv",36.6915,-122.478333333333,"Jul 23 2025 12:27:18",2025-07-23 12:27:18,10
"22","20250723-OSWS-300m-2-b","duplicate","07.23.2025",NA,"stationary",NA,NA,"eDNA","water","OSWS","marine","10","active","0.22","4",NA,NA,"Sterivex",3,"Summer2025",36.6775,-122.53517,"10",10,"July",1.985,2,14.7745,14.791,4.122659,4.123172,33.6892,33.6535,1.3721,0.37702,6.9659,120.842,303.507,0,"SynchroOSW - Summer2025 - CTD - Synchro1.cnv",36.6915,-122.478333333333,"Jul 23 2025 12:27:18",2025-07-23 12:27:18,10
"23","20250723-OSWS-300m-2",NA,"07.23.2025",NA,"stationary",NA,NA,"eDNA","water","OSWS","marine","10","active","0.22","3",NA,NA,"Sterivex",3,"Summer2025",36.6775,-122.53517,"10",10,"July",1.985,2,14.7745,14.791,4.122659,4.123172,33.6892,33.6535,1.3721,0.37702,6.9659,120.842,303.507,0,"SynchroOSW - Summer2025 - CTD - Synchro1.cnv",36.6915,-122.478333333333,"Jul 23 2025 12:27:18",2025-07-23 12:27:18,10
"24","20250723-OSWS-300m-3",NA,"07.23.2025",NA,"stationary",NA,NA,"eDNA","water","OSWS","marine","10","active","0.22","2",NA,NA,"Sterivex",3,"Summer2025",36.6775,-122.53517,"10",10,"July",1.985,2,14.7745,14.791,4.122659,4.123172,33.6892,33.6535,1.3721,0.37702,6.9659,120.842,303.507,0,"SynchroOSW - Summer2025 - CTD - Synchro1.cnv",36.6915,-122.478333333333,"Jul 23 2025 12:27:18",2025-07-23 12:27:18,10
"25","20250723-OSWS-150m-1",NA,"07.23.2025",NA,"stationary",NA,NA,"eDNA","water","OSWS","marine","10","active","0.22","1",NA,NA,"Sterivex",3,"Summer2025",36.6775,-122.53517,"10",10,"July",1.985,2,14.7745,14.791,4.122659,4.123172,33.6892,33.6535,1.3721,0.37702,6.9659,120.842,303.507,0,"SynchroOSW - Summer2025 - CTD - Synchro1.cnv",36.6915,-122.478333333333,"Jul 23 2025 12:27:18",2025-07-23 12:27:18,10
"26","20250723-OSWS-150m-2",NA,"07.23.2025",NA,"stationary",NA,NA,"eDNA","water","OSWS","marine","10","active","0.22","2",NA,NA,"Sterivex",3,"Summer2025",36.6775,-122.53517,"10",10,"July",1.985,2,14.7745,14.791,4.122659,4.123172,33.6892,33.6535,1.3721,0.37702,6.9659,120.842,303.507,0,"SynchroOSW - Summer2025 - CTD - Synchro1.cnv",36.6915,-122.478333333333,"Jul 23 2025 12:27:18",2025-07-23 12:27:18,10
"27","20250723-OSWS-150m-3",NA,"07.23.2025",NA,"stationary",NA,NA,"eDNA","water","OSWS","marine","10","active","0.22","3",NA,NA,"Sterivex",3,"Summer2025",36.6775,-122.53517,"10",10,"July",1.985,2,14.7745,14.791,4.122659,4.123172,33.6892,33.6535,1.3721,0.37702,6.9659,120.842,303.507,0,"SynchroOSW - Summer2025 - CTD - Synchro1.cnv",36.6915,-122.478333333333,"Jul 23 2025 12:27:18",2025-07-23 12:27:18,10
"28","20250723-OSWS-010m-1",NA,"07.23.2025",NA,"stationary",NA,NA,"eDNA","water","OSWS","marine","10","active","0.22","1",NA,NA,"Sterivex",3,"Summer2025",36.6775,-122.53517,"10",10,"July",1.985,2,14.7745,14.791,4.122659,4.123172,33.6892,33.6535,1.3721,0.37702,6.9659,120.842,303.507,0,"SynchroOSW - Summer2025 - CTD - Synchro1.cnv",36.6915,-122.478333333333,"Jul 23 2025 12:27:18",2025-07-23 12:27:18,10
"29","20250723-OSWS-010m-2",NA,"07.23.2025",NA,"stationary",NA,NA,"eDNA","water","OSWS","marine","150","active","0.22","2",NA,NA,"Sterivex",3,"Summer2025",36.6775,-122.53517,"150",150,"July",1.985,2,14.7745,14.791,4.122659,4.123172,33.6892,33.6535,1.3721,0.37702,6.9659,120.842,303.507,0,"SynchroOSW - Summer2025 - CTD - Synchro1.cnv",36.6915,-122.478333333333,"Jul 23 2025 12:27:18",2025-07-23 12:27:18,150
"30","20250723-OSWS-010m-3",NA,"07.23.2025",NA,"stationary",NA,NA,"eDNA","water","OSWS","marine","150","active","0.22","3",NA,NA,"Sterivex",3,"Summer2025",36.6775,-122.53517,"150",150,"July",1.985,2,14.7745,14.791,4.122659,4.123172,33.6892,33.6535,1.3721,0.37702,6.9659,120.842,303.507,0,"SynchroOSW - Summer2025 - CTD - Synchro1.cnv",36.6915,-122.478333333333,"Jul 23 2025 12:27:18",2025-07-23 12:27:18,150
"31","20250723-OSWS-010m-4",NA,"07.23.2025",NA,"stationary",NA,NA,"eDNA","water","OSWS","marine","150","active","0.22","4",NA,NA,"Sterivex",3,"Summer2025",36.6775,-122.53517,"150",150,"July",1.985,2,14.7745,14.791,4.122659,4.123172,33.6892,33.6535,1.3721,0.37702,6.9659,120.842,303.507,0,"SynchroOSW - Summer2025 - CTD - Synchro1.cnv",36.6915,-122.478333333333,"Jul 23 2025 12:27:18",2025-07-23 12:27:18,150
"32","20250723-OSWS-010m-5",NA,"07.23.2025",NA,"stationary",NA,NA,"eDNA","water","OSWS","marine","300","active","0.22","5",NA,NA,"Sterivex",3,"Summer2025",36.6775,-122.53517,"300",300,"July",1.985,2,14.7745,14.791,4.122659,4.123172,33.6892,33.6535,1.3721,0.37702,6.9659,120.842,303.507,0,"SynchroOSW - Summer2025 - CTD - Synchro1.cnv",36.6915,-122.478333333333,"Jul 23 2025 12:27:18",2025-07-23 12:27:18,300
"33","20250723-OSWS-010m-6",NA,"07.23.2025",NA,"stationary",NA,NA,"eDNA","water","OSWS","marine","300","active","0.22","6",NA,NA,"Sterivex",3,"Summer2025",36.6775,-122.53517,"300",300,"July",1.985,2,14.7745,14.791,4.122659,4.123172,33.6892,33.6535,1.3721,0.37702,6.9659,120.842,303.507,0,"SynchroOSW - Summer2025 - CTD - Synchro1.cnv",36.6915,-122.478333333333,"Jul 23 2025 12:27:18",2025-07-23 12:27:18,300
"34","20250723-OSWS-air-1","transition","07.23.2025",NA,"transition","M1","OSWS","eDNA","air","OSWS","marine","300","active","0.22","1",NA,NA,"Sterivex",3,"Summer2025",36.6775,-122.53517,"300",NA,"July",1.985,NA,NA,NA,NA,NA,NA,NA,NA,NA,NA,NA,NA,NA,NA,36.6915,-122.478333333333,NA,NA,NA
"35","20250723-OSWS-air-2","transition","07.23.2025",NA,"transition","M1","OSWS","eDNA","air","OSWS","marine","0","passive","0.22","2",NA,NA,"disk",3,"Summer2025",36.6775,-122.53517,"0",NA,"July",1.985,NA,NA,NA,NA,NA,NA,NA,NA,NA,NA,NA,NA,NA,NA,36.6915,-122.478333333333,NA,NA,NA
"36","20250723-OSWS-air-3","transition","07.23.2025",NA,"transition","M1","OSWS","eDNA","air","OSWS","marine","0","passive","0.22","3",NA,NA,"disk",3,"Summer2025",36.6775,-122.53517,"0",NA,"July",1.985,NA,NA,NA,NA,NA,NA,NA,NA,NA,NA,NA,NA,NA,NA,36.6915,-122.478333333333,NA,NA,NA
"37","20250723-OSWS-air-st-1",NA,"07.23.2025",NA,"stationary","OSWS","OSWS","eDNA","air","OSWS","marine","0","passive","0.22","1",NA,NA,"disk",3,"Summer2025",36.6775,-122.53517,"0",NA,"July",1.985,NA,NA,NA,NA,NA,NA,NA,NA,NA,NA,NA,NA,NA,NA,36.6915,-122.478333333333,NA,NA,NA
"38","20250723-OSWS-air-st-2",NA,"07.23.2025",NA,"stationary","OSWS","OSWS","eDNA","air","OSWS","marine","0","passive","0.22","2",NA,NA,"disk",3,"Summer2025",36.6775,-122.53517,"0",NA,"July",1.985,NA,NA,NA,NA,NA,NA,NA,NA,NA,NA,NA,NA,NA,NA,36.6915,-122.478333333333,NA,NA,NA
"39","20250723-OSWS-air-st-3",NA,"07.23.2025",NA,"stationary","OSWS","OSWS","eDNA","air","OSWS","marine","0","passive","0.22","3",NA,NA,"disk",3,"Summer2025",36.6775,-122.53517,"0",NA,"July",1.985,NA,NA,NA,NA,NA,NA,NA,NA,NA,NA,NA,NA,NA,NA,36.6915,-122.478333333333,NA,NA,NA
"40","20250723-OSWS-torp-1","O-Ring not sealed","07.23.2025",NA,"transition",NA,NA,"eDNA","water","OSWS","marine","0","passive","20","1",NA,NA,"disk",3,"Summer2025",36.6775,-122.53517,"0",0,"July",1.985,2,14.7745,14.791,4.122659,4.123172,33.6892,33.6535,1.3721,0.37702,6.9659,120.842,303.507,0,"SynchroOSW - Summer2025 - CTD - Synchro1.cnv",36.6915,-122.478333333333,"Jul 23 2025 12:27:18",2025-07-23 12:27:18,0
"41","20250723-OSWS-torp-2",NA,"07.23.2025",NA,"transition",NA,NA,"eDNA","water","OSWS","marine","0","passive","20","2",NA,NA,"disk",3,"Summer2025",36.6775,-122.53517,"0",0,"July",1.985,2,14.7745,14.791,4.122659,4.123172,33.6892,33.6535,1.3721,0.37702,6.9659,120.842,303.507,0,"SynchroOSW - Summer2025 - CTD - Synchro1.cnv",36.6915,-122.478333333333,"Jul 23 2025 12:27:18",2025-07-23 12:27:18,0
"42","20250723-M1-Blnk","MolGrad H20","07.23.2025",NA,NA,NA,NA,"blank",NA,"M1","marine","0","active","0.22","1",NA,NA,"Sterivex",3,"Summer2025",36.74166667,-122.0268333,"0",NA,"July",1.985,NA,NA,NA,NA,NA,NA,NA,NA,NA,NA,NA,NA,NA,NA,36.7638333333333,-122.005666666667,NA,NA,NA
"43","20250723-M1-300m-1",NA,"07.23.2025",NA,"stationary",NA,NA,"eDNA","water","M1","marine","300","active","0.22","1",NA,NA,"Sterivex",3,"Summer2025",36.74166667,-122.0268333,"300",300,"July",1.985,2,14.6648,14.6689,4.106165,4.100001,33.6045,33.5413,0.383,0.10192,5.9042,102.147,257.26,0,"SynchroOSW - Summer2025 - CTD - M1.cnv",36.7638333333333,-122.005666666667,"Jul 23 2025 09:19:21",2025-07-23 09:19:21,300
"44","20250723-M1-300m-2",NA,"07.23.2025",NA,"stationary",NA,NA,"eDNA","water","M1","marine","300","active","0.22","2",NA,NA,"Sterivex",3,"Summer2025",36.74166667,-122.0268333,"300",300,"July",1.985,2,14.6648,14.6689,4.106165,4.100001,33.6045,33.5413,0.383,0.10192,5.9042,102.147,257.26,0,"SynchroOSW - Summer2025 - CTD - M1.cnv",36.7638333333333,-122.005666666667,"Jul 23 2025 09:19:21",2025-07-23 09:19:21,300
"45","20250723-M1-300m-3",NA,"07.23.2025",NA,"stationary",NA,NA,"eDNA","water","M1","marine","300","active","0.22","3",NA,NA,"Sterivex",3,"Summer2025",36.74166667,-122.0268333,"300",300,"July",1.985,2,14.6648,14.6689,4.106165,4.100001,33.6045,33.5413,0.383,0.10192,5.9042,102.147,257.26,0,"SynchroOSW - Summer2025 - CTD - M1.cnv",36.7638333333333,-122.005666666667,"Jul 23 2025 09:19:21",2025-07-23 09:19:21,300
"46","20250723-M1-150m-1",NA,"07.23.2025",NA,"stationary",NA,NA,"eDNA","water","M1","marine","150","active","0.22","1",NA,NA,"Sterivex",3,"Summer2025",36.74166667,-122.0268333,"150",150,"July",1.985,2,14.6648,14.6689,4.106165,4.100001,33.6045,33.5413,0.383,0.10192,5.9042,102.147,257.26,0,"SynchroOSW - Summer2025 - CTD - M1.cnv",36.7638333333333,-122.005666666667,"Jul 23 2025 09:19:21",2025-07-23 09:19:21,150
"47","20250723-M1-150m-2",NA,"07.23.2025",NA,"stationary",NA,NA,"eDNA","water","M1","marine","150","active","0.22","2",NA,NA,"Sterivex",3,"Summer2025",36.74166667,-122.0268333,"150",150,"July",1.985,2,14.6648,14.6689,4.106165,4.100001,33.6045,33.5413,0.383,0.10192,5.9042,102.147,257.26,0,"SynchroOSW - Summer2025 - CTD - M1.cnv",36.7638333333333,-122.005666666667,"Jul 23 2025 09:19:21",2025-07-23 09:19:21,150
"48","20250723-M1-150m-3",NA,"07.23.2025",NA,"stationary",NA,NA,"eDNA","water","M1","marine","150","active","0.22","3",NA,NA,"Sterivex",3,"Summer2025",36.74166667,-122.0268333,"150",150,"July",1.985,2,14.6648,14.6689,4.106165,4.100001,33.6045,33.5413,0.383,0.10192,5.9042,102.147,257.26,0,"SynchroOSW - Summer2025 - CTD - M1.cnv",36.7638333333333,-122.005666666667,"Jul 23 2025 09:19:21",2025-07-23 09:19:21,150
"49","20250723-M1-016m-1","Deep Chl max","07.23.2025",NA,"stationary",NA,NA,"eDNA","water","M1","marine","16","active","0.22","1",NA,NA,"Sterivex",3,"Summer2025",36.74166667,-122.0268333,"16",16,"July",1.985,2,14.6648,14.6689,4.106165,4.100001,33.6045,33.5413,0.383,0.10192,5.9042,102.147,257.26,0,"SynchroOSW - Summer2025 - CTD - M1.cnv",36.7638333333333,-122.005666666667,"Jul 23 2025 09:19:21",2025-07-23 09:19:21,16
"50","20250723-M1-016m-2","Deep Chl max","07.23.2025",NA,"stationary",NA,NA,"eDNA","water","M1","marine","16","active","0.22","2",NA,NA,"Sterivex",3,"Summer2025",36.74166667,-122.0268333,"16",16,"July",1.985,2,14.6648,14.6689,4.106165,4.100001,33.6045,33.5413,0.383,0.10192,5.9042,102.147,257.26,0,"SynchroOSW - Summer2025 - CTD - M1.cnv",36.7638333333333,-122.005666666667,"Jul 23 2025 09:19:21",2025-07-23 09:19:21,16
"51","20250723-M1-016m-3","Deep Chl max","07.23.2025",NA,"stationary",NA,NA,"eDNA","water","M1","marine","16","active","0.22","3",NA,NA,"Sterivex",3,"Summer2025",36.74166667,-122.0268333,"16",16,"July",1.985,2,14.6648,14.6689,4.106165,4.100001,33.6045,33.5413,0.383,0.10192,5.9042,102.147,257.26,0,"SynchroOSW - Summer2025 - CTD - M1.cnv",36.7638333333333,-122.005666666667,"Jul 23 2025 09:19:21",2025-07-23 09:19:21,16
"52","20250723-M1-010M-1",NA,"07.23.2025",NA,"stationary",NA,NA,"eDNA","water","M1","marine","10","active","0.22","1",NA,NA,"Sterivex",3,"Summer2025",36.74166667,-122.0268333,"10",10,"July",1.985,2,14.6648,14.6689,4.106165,4.100001,33.6045,33.5413,0.383,0.10192,5.9042,102.147,257.26,0,"SynchroOSW - Summer2025 - CTD - M1.cnv",36.7638333333333,-122.005666666667,"Jul 23 2025 09:19:21",2025-07-23 09:19:21,10
"53","20250723-M1-010M-2",NA,"07.23.2025",NA,"stationary",NA,NA,"eDNA","water","M1","marine","10","active","0.22","2",NA,NA,"Sterivex",3,"Summer2025",36.74166667,-122.0268333,"10",10,"July",1.985,2,14.6648,14.6689,4.106165,4.100001,33.6045,33.5413,0.383,0.10192,5.9042,102.147,257.26,0,"SynchroOSW - Summer2025 - CTD - M1.cnv",36.7638333333333,-122.005666666667,"Jul 23 2025 09:19:21",2025-07-23 09:19:21,10
"54","20250723-M1-010M-3",NA,"07.23.2025",NA,"stationary",NA,NA,"eDNA","water","M1","marine","10","active","0.22","3",NA,NA,"Sterivex",3,"Summer2025",36.74166667,-122.0268333,"10",10,"July",1.985,2,14.6648,14.6689,4.106165,4.100001,33.6045,33.5413,0.383,0.10192,5.9042,102.147,257.26,0,"SynchroOSW - Summer2025 - CTD - M1.cnv",36.7638333333333,-122.005666666667,"Jul 23 2025 09:19:21",2025-07-23 09:19:21,10
"55","20250723-ML-M1-air-A","mainland to M1","07.23.2025",NA,"transition","ML","M1","eDNA","air","M1","marine","0","passive","0.22","1",NA,NA,"disk",3,"Summer2025",36.74166667,-122.0268333,"0",NA,"July",1.985,NA,NA,NA,NA,NA,NA,NA,NA,NA,NA,NA,NA,NA,NA,36.7638333333333,-122.005666666667,NA,NA,NA
"56","20250723-ML-M1-air-B","mainland to M1","07.23.2025",NA,"transition","ML","M1","eDNA","air","M1","marine","0","passive","0.22","2",NA,NA,"disk",3,"Summer2025",36.74166667,-122.0268333,"0",NA,"July",1.985,NA,NA,NA,NA,NA,NA,NA,NA,NA,NA,NA,NA,NA,NA,36.7638333333333,-122.005666666667,NA,NA,NA
"57","20250723-ML-M1-air-C","mainland to M1","07.23.2025",NA,"transition","ML","M1","eDNA","air","M1","marine","0","passive","0.22","3",NA,NA,"disk",3,"Summer2025",36.74166667,-122.0268333,"0",NA,"July",1.985,NA,NA,NA,NA,NA,NA,NA,NA,NA,NA,NA,NA,NA,NA,36.7638333333333,-122.005666666667,NA,NA,NA
"58","20250723-ML-M1-air-ctrl","mainland to M1","07.23.2025",NA,NA,"ML","M1","blank","air","M1","marine","0","passive","0.22","1",NA,NA,"disk",3,"Summer2025",36.74166667,-122.0268333,"0",NA,"July",1.985,NA,NA,NA,NA,NA,NA,NA,NA,NA,NA,NA,NA,NA,NA,36.7638333333333,-122.005666666667,NA,NA,NA
"59","20250723-M1-air-st-A","deployed for 20 mins","07.23.2025",NA,"stationary","M1","M1","eDNA","air","M1","marine","0","passive","0.22","1",NA,NA,"disk",3,"Summer2025",36.74166667,-122.0268333,"0",NA,"July",1.985,NA,NA,NA,NA,NA,NA,NA,NA,NA,NA,NA,NA,NA,NA,36.7638333333333,-122.005666666667,NA,NA,NA
"60","20250723-M1-air-st-B","deployed for 20 mins","07.23.2025",NA,"stationary","M1","M1","eDNA","air","M1","marine","0","passive","0.22","2",NA,NA,"disk",3,"Summer2025",36.74166667,-122.0268333,"0",NA,"July",1.985,NA,NA,NA,NA,NA,NA,NA,NA,NA,NA,NA,NA,NA,NA,36.7638333333333,-122.005666666667,NA,NA,NA
"61","20250723-M1-air-st-C","deployed for 20 mins","07.23.2025",NA,"stationary","M1","M1","eDNA","air","M1","marine","0","passive","0.22","3",NA,NA,"disk",3,"Summer2025",36.74166667,-122.0268333,"0",NA,"July",1.985,NA,NA,NA,NA,NA,NA,NA,NA,NA,NA,NA,NA,NA,NA,36.7638333333333,-122.005666666667,NA,NA,NA
"62","20250723-M1-torp-A",NA,"07.23.2025",NA,"transition",NA,NA,"eDNA","water","M1","marine","0","passive","20","1",NA,NA,"disk",3,"Summer2025",36.74166667,-122.0268333,"0",0,"July",1.985,2,14.6648,14.6689,4.106165,4.100001,33.6045,33.5413,0.383,0.10192,5.9042,102.147,257.26,0,"SynchroOSW - Summer2025 - CTD - M1.cnv",36.7638333333333,-122.005666666667,"Jul 23 2025 09:19:21",2025-07-23 09:19:21,0
"63","20250723-M1-torp-B",NA,"07.23.2025",NA,"transition",NA,NA,"eDNA","water","M1","marine","0","passive","20","2",NA,NA,"disk",3,"Summer2025",36.74166667,-122.0268333,"0",0,"July",1.985,2,14.6648,14.6689,4.106165,4.100001,33.6045,33.5413,0.383,0.10192,5.9042,102.147,257.26,0,"SynchroOSW - Summer2025 - CTD - M1.cnv",36.7638333333333,-122.005666666667,"Jul 23 2025 09:19:21",2025-07-23 09:19:21,0
"64","20250724-MARS-torp-A",NA,"07.24.2025",NA,"transition",NA,NA,"eDNA","water","MARS","marine","0","passive","20","1","3",NA,"disk",3,"Summer2025",36.743,-122.1068333,"0",0,"July",1.986,2,15.2256,15.2285,4.165223,4.165621,33.6795,33.6618,1.0125,0.12217,6.9437,121.538,302.572,0,"SynchroOSW - Summer2025 - CTD - MARS.cnv",36.7165,-122.188,"Jul 24 2025 12:47:33",2025-07-24 12:47:33,0
"65","20250724-MARS-torp-B",NA,"07.24.2025",NA,"transition",NA,NA,"eDNA","water","MARS","marine","0","passive","20","1","3",NA,"disk",3,"Summer2025",36.743,-122.1068333,"0",0,"July",1.986,2,15.2256,15.2285,4.165223,4.165621,33.6795,33.6618,1.0125,0.12217,6.9437,121.538,302.572,0,"SynchroOSW - Summer2025 - CTD - MARS.cnv",36.7165,-122.188,"Jul 24 2025 12:47:33",2025-07-24 12:47:33,0
"66","20250724-MARS-air-st-1",NA,"07.24.2025",NA,"stationary","MARS","MARS","eDNA","air","MARS","marine","0",NA,"0.22","1",NA,NA,"disk",3,"Summer2025",36.743,-122.1068333,"0",NA,"July",1.986,NA,NA,NA,NA,NA,NA,NA,NA,NA,NA,NA,NA,NA,NA,36.7165,-122.188,NA,NA,NA
"67","20250724-MARS-air-st-2",NA,"07.24.2025",NA,"stationary","MARS","MARS","eDNA","air","MARS","marine","0",NA,"0.22","2",NA,NA,"disk",3,"Summer2025",36.743,-122.1068333,"0",NA,"July",1.986,NA,NA,NA,NA,NA,NA,NA,NA,NA,NA,NA,NA,NA,NA,36.7165,-122.188,NA,NA,NA
"68","20250724-MARS-air-st-3",NA,"07.24.2025",NA,"stationary","MARS","MARS","eDNA","air","MARS","marine","0",NA,"0.22","3",NA,NA,"disk",3,"Summer2025",36.743,-122.1068333,"0",NA,"July",1.986,NA,NA,NA,NA,NA,NA,NA,NA,NA,NA,NA,NA,NA,NA,36.7165,-122.188,NA,NA,NA
"69","20250724-MARS-Blnk","MolGrad H20","07.24.2025",NA,NA,NA,NA,"blank",NA,"MARS","marine","0",NA,"0.22","1",NA,NA,"Sterivex",3,"Summer2025",36.743,-122.1068333,"0",NA,"July",1.986,NA,NA,NA,NA,NA,NA,NA,NA,NA,NA,NA,NA,NA,NA,36.7165,-122.188,NA,NA,NA
"70","20250724-MARS-300m-1",NA,"07.24.2025",NA,"stationary",NA,NA,"eDNA","water","MARS","marine","300","active","0.22","1",NA,NA,"Sterivex",3,"Summer2025",36.743,-122.1068333,"300",300,"July",1.986,2,15.2256,15.2285,4.165223,4.165621,33.6795,33.6618,1.0125,0.12217,6.9437,121.538,302.572,0,"SynchroOSW - Summer2025 - CTD - MARS.cnv",36.7165,-122.188,"Jul 24 2025 12:47:33",2025-07-24 12:47:33,300
"71","20250724-MARS-300m-2",NA,"07.24.2025",NA,"stationary",NA,NA,"eDNA","water","MARS","marine","300","active","0.22","2",NA,NA,"Sterivex",3,"Summer2025",36.743,-122.1068333,"300",300,"July",1.986,2,15.2256,15.2285,4.165223,4.165621,33.6795,33.6618,1.0125,0.12217,6.9437,121.538,302.572,0,"SynchroOSW - Summer2025 - CTD - MARS.cnv",36.7165,-122.188,"Jul 24 2025 12:47:33",2025-07-24 12:47:33,300
"72","20250724-MARS-300m-3",NA,"07.24.2025",NA,"stationary",NA,NA,"eDNA","water","MARS","marine","300","active","0.22","3",NA,NA,"Sterivex",3,"Summer2025",36.743,-122.1068333,"300",300,"July",1.986,2,15.2256,15.2285,4.165223,4.165621,33.6795,33.6618,1.0125,0.12217,6.9437,121.538,302.572,0,"SynchroOSW - Summer2025 - CTD - MARS.cnv",36.7165,-122.188,"Jul 24 2025 12:47:33",2025-07-24 12:47:33,300
"73","20250724-MARS-150m-1",NA,"07.24.2025",NA,"stationary",NA,NA,"eDNA","water","MARS","marine","150","active","0.22","1",NA,NA,"Sterivex",3,"Summer2025",36.743,-122.1068333,"150",150,"July",1.986,2,15.2256,15.2285,4.165223,4.165621,33.6795,33.6618,1.0125,0.12217,6.9437,121.538,302.572,0,"SynchroOSW - Summer2025 - CTD - MARS.cnv",36.7165,-122.188,"Jul 24 2025 12:47:33",2025-07-24 12:47:33,150
"74","20250724-MARS-150m-2",NA,"07.24.2025",NA,"stationary",NA,NA,"eDNA","water","MARS","marine","150","active","0.22","2",NA,NA,"Sterivex",3,"Summer2025",36.743,-122.1068333,"150",150,"July",1.986,2,15.2256,15.2285,4.165223,4.165621,33.6795,33.6618,1.0125,0.12217,6.9437,121.538,302.572,0,"SynchroOSW - Summer2025 - CTD - MARS.cnv",36.7165,-122.188,"Jul 24 2025 12:47:33",2025-07-24 12:47:33,150
"75","20250724-MARS-150m-3",NA,"07.24.2025",NA,"stationary",NA,NA,"eDNA","water","MARS","marine","150","active","0.22","3",NA,NA,"Sterivex",3,"Summer2025",36.743,-122.1068333,"150",150,"July",1.986,2,15.2256,15.2285,4.165223,4.165621,33.6795,33.6618,1.0125,0.12217,6.9437,121.538,302.572,0,"SynchroOSW - Summer2025 - CTD - MARS.cnv",36.7165,-122.188,"Jul 24 2025 12:47:33",2025-07-24 12:47:33,150
"76","20250724-MARS-014m-1","Deep Chl max","07.24.2025",NA,"stationary",NA,NA,"eDNA","water","MARS","marine","14","active","0.22","1",NA,NA,"Sterivex",3,"Summer2025",36.743,-122.1068333,"14",14,"July",1.986,2,15.2256,15.2285,4.165223,4.165621,33.6795,33.6618,1.0125,0.12217,6.9437,121.538,302.572,0,"SynchroOSW - Summer2025 - CTD - MARS.cnv",36.7165,-122.188,"Jul 24 2025 12:47:33",2025-07-24 12:47:33,14
"77","20250724-MARS-014m-2","Deep Chl max","07.24.2025",NA,"stationary",NA,NA,"eDNA","water","MARS","marine","14","active","0.22","2",NA,NA,"Sterivex",3,"Summer2025",36.743,-122.1068333,"14",14,"July",1.986,2,15.2256,15.2285,4.165223,4.165621,33.6795,33.6618,1.0125,0.12217,6.9437,121.538,302.572,0,"SynchroOSW - Summer2025 - CTD - MARS.cnv",36.7165,-122.188,"Jul 24 2025 12:47:33",2025-07-24 12:47:33,14
"78","20250724-MARS-014m-3","Deep Chl max","07.24.2025",NA,"stationary",NA,NA,"eDNA","water","MARS","marine","14","active","0.22","3",NA,NA,"Sterivex",3,"Summer2025",36.743,-122.1068333,"14",14,"July",1.986,2,15.2256,15.2285,4.165223,4.165621,33.6795,33.6618,1.0125,0.12217,6.9437,121.538,302.572,0,"SynchroOSW - Summer2025 - CTD - MARS.cnv",36.7165,-122.188,"Jul 24 2025 12:47:33",2025-07-24 12:47:33,14
"79","20250724-MARS-010m-1",NA,"07.24.2025",NA,"stationary",NA,NA,"eDNA","water","MARS","marine","10","active","0.22","1",NA,NA,"Sterivex",3,"Summer2025",36.743,-122.1068333,"10",10,"July",1.986,2,15.2256,15.2285,4.165223,4.165621,33.6795,33.6618,1.0125,0.12217,6.9437,121.538,302.572,0,"SynchroOSW - Summer2025 - CTD - MARS.cnv",36.7165,-122.188,"Jul 24 2025 12:47:33",2025-07-24 12:47:33,10
"80","20250724-MARS-010m-2",NA,"07.24.2025",NA,"stationary",NA,NA,"eDNA","water","MARS","marine","10","active","0.22","2",NA,NA,"Sterivex",3,"Summer2025",36.743,-122.1068333,"10",10,"July",1.986,2,15.2256,15.2285,4.165223,4.165621,33.6795,33.6618,1.0125,0.12217,6.9437,121.538,302.572,0,"SynchroOSW - Summer2025 - CTD - MARS.cnv",36.7165,-122.188,"Jul 24 2025 12:47:33",2025-07-24 12:47:33,10
"81","20250724-MARS-010m-3",NA,"07.24.2025",NA,"stationary",NA,NA,"eDNA","water","MARS","marine","10","active","0.22","3",NA,NA,"Sterivex",3,"Summer2025",36.743,-122.1068333,"10",10,"July",1.986,2,15.2256,15.2285,4.165223,4.165621,33.6795,33.6618,1.0125,0.12217,6.9437,121.538,302.572,0,"SynchroOSW - Summer2025 - CTD - MARS.cnv",36.7165,-122.188,"Jul 24 2025 12:47:33",2025-07-24 12:47:33,10
"82","20250724-C1-Blnk","MolGrad H20","07.24.2025",NA,NA,NA,NA,"blank",NA,"C1","marine","0","active","0.22","1",NA,NA,"Sterivex",3,"Summer2025",36.8045,-121.858,"0",NA,"July",1.985,NA,NA,NA,NA,NA,NA,NA,NA,NA,NA,NA,NA,NA,NA,36.7981666666667,-121.8545,NA,NA,NA
"83","20250724-C1-150m-1",NA,"07.24.2025",NA,"stationary",NA,NA,"eDNA","water","C1","marine","150","active","0.22","1",NA,NA,"Sterivex",3,"Summer2025",36.8045,-121.858,"150",150,"July",1.985,2,15.4823,15.4541,4.195071,4.192757,33.7507,33.7146,0.8509,0.25977,7.0066,123.321,305.31,0,"SynchroOSW - Summer2025 - CTD - C1.cnv",36.7981666666667,-121.8545,"Jul 24 2025 08:09:16",2025-07-24 08:09:16,150
"84","20250724-C1-150m-2",NA,"07.24.2025",NA,"stationary",NA,NA,"eDNA","water","C1","marine","150","active","0.22","2",NA,NA,"Sterivex",3,"Summer2025",36.8045,-121.858,"150",150,"July",1.985,2,15.4823,15.4541,4.195071,4.192757,33.7507,33.7146,0.8509,0.25977,7.0066,123.321,305.31,0,"SynchroOSW - Summer2025 - CTD - C1.cnv",36.7981666666667,-121.8545,"Jul 24 2025 08:09:16",2025-07-24 08:09:16,150
"85","20250724-C1-150m-3",NA,"07.24.2025",NA,"stationary",NA,NA,"eDNA","water","C1","marine","150","active","0.22","3",NA,NA,"Sterivex",3,"Summer2025",36.8045,-121.858,"150",150,"July",1.985,2,15.4823,15.4541,4.195071,4.192757,33.7507,33.7146,0.8509,0.25977,7.0066,123.321,305.31,0,"SynchroOSW - Summer2025 - CTD - C1.cnv",36.7981666666667,-121.8545,"Jul 24 2025 08:09:16",2025-07-24 08:09:16,150
"86","20250724-C1-010m-1",NA,"07.24.2025",NA,"stationary",NA,NA,"eDNA","water","C1","marine","10","active","0.22","1",NA,NA,"Sterivex",3,"Summer2025",36.8045,-121.858,"10",10,"July",1.985,2,15.4823,15.4541,4.195071,4.192757,33.7507,33.7146,0.8509,0.25977,7.0066,123.321,305.31,0,"SynchroOSW - Summer2025 - CTD - C1.cnv",36.7981666666667,-121.8545,"Jul 24 2025 08:09:16",2025-07-24 08:09:16,10
"87","20250724-C1-010m-2",NA,"07.24.2025",NA,"stationary",NA,NA,"eDNA","water","C1","marine","10","active","0.22","2",NA,NA,"Sterivex",3,"Summer2025",36.8045,-121.858,"10",10,"July",1.985,2,15.4823,15.4541,4.195071,4.192757,33.7507,33.7146,0.8509,0.25977,7.0066,123.321,305.31,0,"SynchroOSW - Summer2025 - CTD - C1.cnv",36.7981666666667,-121.8545,"Jul 24 2025 08:09:16",2025-07-24 08:09:16,10
"88","20250724-C1-010m-3",NA,"07.24.2025",NA,"stationary",NA,NA,"eDNA","water","C1","marine","10","active","0.22","3",NA,NA,"Sterivex",3,"Summer2025",36.8045,-121.858,"10",10,"July",1.985,2,15.4823,15.4541,4.195071,4.192757,33.7507,33.7146,0.8509,0.25977,7.0066,123.321,305.31,0,"SynchroOSW - Summer2025 - CTD - C1.cnv",36.7981666666667,-121.8545,"Jul 24 2025 08:09:16",2025-07-24 08:09:16,10
"89","20250724-C1-010m-4","Deep Chl max","07.24.2025",NA,"stationary",NA,NA,"eDNA","water","C1","marine","10","active","0.22","4",NA,NA,"Sterivex",3,"Summer2025",36.8045,-121.858,"10",10,"July",1.985,2,15.4823,15.4541,4.195071,4.192757,33.7507,33.7146,0.8509,0.25977,7.0066,123.321,305.31,0,"SynchroOSW - Summer2025 - CTD - C1.cnv",36.7981666666667,-121.8545,"Jul 24 2025 08:09:16",2025-07-24 08:09:16,10
"90","20250724-C1-010m-5","Deep Chl max","07.24.2025",NA,"stationary",NA,NA,"eDNA","water","C1","marine","10","active","0.22","5",NA,NA,"Sterivex",3,"Summer2025",36.8045,-121.858,"10",10,"July",1.985,2,15.4823,15.4541,4.195071,4.192757,33.7507,33.7146,0.8509,0.25977,7.0066,123.321,305.31,0,"SynchroOSW - Summer2025 - CTD - C1.cnv",36.7981666666667,-121.8545,"Jul 24 2025 08:09:16",2025-07-24 08:09:16,10
"91","20250724-C1-010m-6","Deep Chl max","07.24.2025",NA,"stationary",NA,NA,"eDNA","water","C1","marine","10","active","0.22","6",NA,NA,"Sterivex",3,"Summer2025",36.8045,-121.858,"10",10,"July",1.985,2,15.4823,15.4541,4.195071,4.192757,33.7507,33.7146,0.8509,0.25977,7.0066,123.321,305.31,0,"SynchroOSW - Summer2025 - CTD - C1.cnv",36.7981666666667,-121.8545,"Jul 24 2025 08:09:16",2025-07-24 08:09:16,10
"92","20250724-C1-010m-7",NA,"07.24.2025",NA,"stationary",NA,NA,"eDNA","water","C1","marine","10","active","0.22","7",NA,NA,"Sterivex",3,"Summer2025",36.8045,-121.858,"10",10,"July",1.985,2,15.4823,15.4541,4.195071,4.192757,33.7507,33.7146,0.8509,0.25977,7.0066,123.321,305.31,0,"SynchroOSW - Summer2025 - CTD - C1.cnv",36.7981666666667,-121.8545,"Jul 24 2025 08:09:16",2025-07-24 08:09:16,10
"93","20250724-C1-010m-8",NA,"07.24.2025",NA,"stationary",NA,NA,"eDNA","water","C1","marine","10","active","0.22","8",NA,NA,"Sterivex",3,"Summer2025",36.8045,-121.858,"10",10,"July",1.985,2,15.4823,15.4541,4.195071,4.192757,33.7507,33.7146,0.8509,0.25977,7.0066,123.321,305.31,0,"SynchroOSW - Summer2025 - CTD - C1.cnv",36.7981666666667,-121.8545,"Jul 24 2025 08:09:16",2025-07-24 08:09:16,10
"94","20250724-C1-010m-9",NA,"07.24.2025",NA,"stationary",NA,NA,"eDNA","water","C1","marine","10","active","0.22","9",NA,NA,"Sterivex",3,"Summer2025",36.8045,-121.858,"10",10,"July",1.985,2,15.4823,15.4541,4.195071,4.192757,33.7507,33.7146,0.8509,0.25977,7.0066,123.321,305.31,0,"SynchroOSW - Summer2025 - CTD - C1.cnv",36.7981666666667,-121.8545,"Jul 24 2025 08:09:16",2025-07-24 08:09:16,10
"95","20250724-C1-M2-air-1",NA,"07.24.2025",NA,"transition","C1","M2","eDNA","air","C1","marine","10","passive","0.22","1",NA,NA,"disk",3,"Summer2025",36.8045,-121.858,"10",NA,"July",1.985,NA,NA,NA,NA,NA,NA,NA,NA,NA,NA,NA,NA,NA,NA,36.7981666666667,-121.8545,NA,NA,NA
"96","20250724-C1-M2-air-2",NA,"07.24.2025",NA,"transition","C1","M2","eDNA","air","C1","marine","0","passive","0.22","2",NA,NA,"disk",3,"Summer2025",36.8045,-121.858,"0",NA,"July",1.985,NA,NA,NA,NA,NA,NA,NA,NA,NA,NA,NA,NA,NA,NA,36.7981666666667,-121.8545,NA,NA,NA
"97","20250724-C1-M2-air-3",NA,"07.24.2025",NA,"transition","C1","M2","eDNA","air","C1","marine","0","passive","0.22","3",NA,NA,"disk",3,"Summer2025",36.8045,-121.858,"0",NA,"July",1.985,NA,NA,NA,NA,NA,NA,NA,NA,NA,NA,NA,NA,NA,NA,36.7981666666667,-121.8545,NA,NA,NA
"98","20250724-C1-air-st-1",NA,"07.24.2025",NA,"stationary","C1","C1","eDNA","air","C1","marine","0","passive","0.22","1",NA,NA,"disk",3,"Summer2025",36.8045,-121.858,"0",NA,"July",1.985,NA,NA,NA,NA,NA,NA,NA,NA,NA,NA,NA,NA,NA,NA,36.7981666666667,-121.8545,NA,NA,NA
"99","20250724-C1-air-st-2",NA,"07.24.2025",NA,"stationary","C1","C1","eDNA","air","C1","marine","0","passive","0.22","2",NA,NA,"disk",3,"Summer2025",36.8045,-121.858,"0",NA,"July",1.985,NA,NA,NA,NA,NA,NA,NA,NA,NA,NA,NA,NA,NA,NA,36.7981666666667,-121.8545,NA,NA,NA
"100","20250724-C1-air-st-3",NA,"07.24.2025",NA,"stationary","C1","C1","eDNA","air","C1","marine","0","passive","0.22","3",NA,NA,"disk",3,"Summer2025",36.8045,-121.858,"0",NA,"July",1.985,NA,NA,NA,NA,NA,NA,NA,NA,NA,NA,NA,NA,NA,NA,36.7981666666667,-121.8545,NA,NA,NA
"101","20250724-M2-torp-A",NA,"07.24.2025",NA,"transition",NA,NA,"eDNA","water","M2","marine","0","passive","20","1","3",NA,"disk",3,"Summer2025",36.7015,-122.3743333,"0",0,"July",1.985,2,13.9157,13.8917,4.038756,4.042132,33.7135,33.7005,1.4711,0.69532,6.5785,112.196,286.572,0,"SynchroOSW - Summer2025 - CTD - M2.cnv",36.71,-122.312333333333,"Jul 24 2025 10:29:34",2025-07-24 10:29:34,0
"102","20250724-M2-torp-B",NA,"07.24.2025",NA,"transition",NA,NA,"eDNA","water","M2","marine","0","passive","20","2","3",NA,"disk",3,"Summer2025",36.7015,-122.3743333,"0",0,"July",1.985,2,13.9157,13.8917,4.038756,4.042132,33.7135,33.7005,1.4711,0.69532,6.5785,112.196,286.572,0,"SynchroOSW - Summer2025 - CTD - M2.cnv",36.71,-122.312333333333,"Jul 24 2025 10:29:34",2025-07-24 10:29:34,0
"103","20250724-M2-Blnk","MolGrad H20","07.24.2025",NA,NA,NA,NA,"blank",NA,"M2","marine","0","active","20","1",NA,NA,"Sterivex",3,"Summer2025",36.7015,-122.3743333,"0",NA,"July",1.985,NA,NA,NA,NA,NA,NA,NA,NA,NA,NA,NA,NA,NA,NA,36.71,-122.312333333333,NA,NA,NA
"104","20250724-M2-150m-1",NA,"07.24.2025",NA,"stationary",NA,NA,"eDNA","water","M2","marine","150","active","0.22","1",NA,NA,"Sterivex",3,"Summer2025",36.7015,-122.3743333,"150",150,"July",1.985,2,13.9157,13.8917,4.038756,4.042132,33.7135,33.7005,1.4711,0.69532,6.5785,112.196,286.572,0,"SynchroOSW - Summer2025 - CTD - M2.cnv",36.71,-122.312333333333,"Jul 24 2025 10:29:34",2025-07-24 10:29:34,150
"105","20250724-M2-150m-2",NA,"07.24.2025",NA,"stationary",NA,NA,"eDNA","water","M2","marine","150","active","0.22","2",NA,NA,"Sterivex",3,"Summer2025",36.7015,-122.3743333,"150",150,"July",1.985,2,13.9157,13.8917,4.038756,4.042132,33.7135,33.7005,1.4711,0.69532,6.5785,112.196,286.572,0,"SynchroOSW - Summer2025 - CTD - M2.cnv",36.71,-122.312333333333,"Jul 24 2025 10:29:34",2025-07-24 10:29:34,150
"106","20250724-M2-150m-3",NA,"07.24.2025",NA,"stationary",NA,NA,"eDNA","water","M2","marine","150","active","0.22","3",NA,NA,"Sterivex",3,"Summer2025",36.7015,-122.3743333,"150",150,"July",1.985,2,13.9157,13.8917,4.038756,4.042132,33.7135,33.7005,1.4711,0.69532,6.5785,112.196,286.572,0,"SynchroOSW - Summer2025 - CTD - M2.cnv",36.71,-122.312333333333,"Jul 24 2025 10:29:34",2025-07-24 10:29:34,150
"107","20250724-M2-010m-1",NA,"07.24.2025",NA,"stationary",NA,NA,"eDNA","water","M2","marine","10","active","0.22","1",NA,NA,"Sterivex",3,"Summer2025",36.7015,-122.3743333,"10",10,"July",1.985,2,13.9157,13.8917,4.038756,4.042132,33.7135,33.7005,1.4711,0.69532,6.5785,112.196,286.572,0,"SynchroOSW - Summer2025 - CTD - M2.cnv",36.71,-122.312333333333,"Jul 24 2025 10:29:34",2025-07-24 10:29:34,10
"108","20250724-M2-010m-2",NA,"07.24.2025",NA,"stationary",NA,NA,"eDNA","water","M2","marine","10","active","0.22","2",NA,NA,"Sterivex",3,"Summer2025",36.7015,-122.3743333,"10",10,"July",1.985,2,13.9157,13.8917,4.038756,4.042132,33.7135,33.7005,1.4711,0.69532,6.5785,112.196,286.572,0,"SynchroOSW - Summer2025 - CTD - M2.cnv",36.71,-122.312333333333,"Jul 24 2025 10:29:34",2025-07-24 10:29:34,10
"109","20250724-M2-010m-3",NA,"07.24.2025",NA,"stationary",NA,NA,"eDNA","water","M2","marine","10","active","0.22","3",NA,NA,"Sterivex",3,"Summer2025",36.7015,-122.3743333,"10",10,"July",1.985,2,13.9157,13.8917,4.038756,4.042132,33.7135,33.7005,1.4711,0.69532,6.5785,112.196,286.572,0,"SynchroOSW - Summer2025 - CTD - M2.cnv",36.71,-122.312333333333,"Jul 24 2025 10:29:34",2025-07-24 10:29:34,10
"110","20250724-M2-003m-1","Deep Chl max","07.24.2025",NA,"stationary",NA,NA,"eDNA","water","M2","marine","3","active","0.22","1",NA,NA,"Sterivex",3,"Summer2025",36.7015,-122.3743333,"3",3,"July",1.985,2,13.9157,13.8917,4.038756,4.042132,33.7135,33.7005,1.4711,0.69532,6.5785,112.196,286.572,0,"SynchroOSW - Summer2025 - CTD - M2.cnv",36.71,-122.312333333333,"Jul 24 2025 10:29:34",2025-07-24 10:29:34,3
"111","20250724-M2-003m-2","Deep Chl max","07.24.2025",NA,"stationary",NA,NA,"eDNA","water","M2","marine","3","active","0.22","2",NA,NA,"Sterivex",3,"Summer2025",36.7015,-122.3743333,"3",3,"July",1.985,2,13.9157,13.8917,4.038756,4.042132,33.7135,33.7005,1.4711,0.69532,6.5785,112.196,286.572,0,"SynchroOSW - Summer2025 - CTD - M2.cnv",36.71,-122.312333333333,"Jul 24 2025 10:29:34",2025-07-24 10:29:34,3
"112","20250724-M2-003m-3","Deep Chl max","07.24.2025",NA,"stationary",NA,NA,"eDNA","water","M2","marine","3","active","0.22","3",NA,NA,"Sterivex",3,"Summer2025",36.7015,-122.3743333,"3",3,"July",1.985,2,13.9157,13.8917,4.038756,4.042132,33.7135,33.7005,1.4711,0.69532,6.5785,112.196,286.572,0,"SynchroOSW - Summer2025 - CTD - M2.cnv",36.71,-122.312333333333,"Jul 24 2025 10:29:34",2025-07-24 10:29:34,3
"113","20250724-M2-300m-1",NA,"07.24.2025",NA,"stationary",NA,NA,"eDNA","water","M2","marine","300","active","0.22","1",NA,NA,"Sterivex",3,"Summer2025",36.7015,-122.3743333,"300",300,"July",1.985,2,13.9157,13.8917,4.038756,4.042132,33.7135,33.7005,1.4711,0.69532,6.5785,112.196,286.572,0,"SynchroOSW - Summer2025 - CTD - M2.cnv",36.71,-122.312333333333,"Jul 24 2025 10:29:34",2025-07-24 10:29:34,300
"114","20250724-M2-300m-2",NA,"07.24.2025",NA,"stationary",NA,NA,"eDNA","water","M2","marine","300","active","0.22","2",NA,NA,"Sterivex",3,"Summer2025",36.7015,-122.3743333,"300",300,"July",1.985,2,13.9157,13.8917,4.038756,4.042132,33.7135,33.7005,1.4711,0.69532,6.5785,112.196,286.572,0,"SynchroOSW - Summer2025 - CTD - M2.cnv",36.71,-122.312333333333,"Jul 24 2025 10:29:34",2025-07-24 10:29:34,300
"115","20250724-M2-air-st-1",NA,"07.24.2025",NA,"stationary","M2","M2","eDNA","air","M2","marine","0","active","0.22","1",NA,NA,"Sterivex",3,"Summer2025",36.7015,-122.3743333,"0",NA,"July",1.985,NA,NA,NA,NA,NA,NA,NA,NA,NA,NA,NA,NA,NA,NA,36.71,-122.312333333333,NA,NA,NA
"116","20250724-M2-air-st-3",NA,"07.24.2025",NA,"stationary","M2","M2","eDNA","air","M2","marine","0","active","0.22","3",NA,NA,"Sterivex",3,"Summer2025",36.7015,-122.3743333,"0",NA,"July",1.985,NA,NA,NA,NA,NA,NA,NA,NA,NA,NA,NA,NA,NA,NA,36.71,-122.312333333333,NA,NA,NA
"117","20250724-M2-air-st-2",NA,"07.24.2025",NA,"stationary","M2",NA,"eDNA","air","M2","marine","0","active","0.22","2",NA,NA,"Sterivex",3,"Summer2025",36.7015,-122.3743333,"0",NA,"July",1.985,NA,NA,NA,NA,NA,NA,NA,NA,NA,NA,NA,NA,NA,NA,36.71,-122.312333333333,NA,NA,NA
"118","20250724-M2-300m-3",NA,"07.24.2025",NA,"stationary",NA,NA,"eDNA","water","M2","marine","300","active","0.22","3",NA,NA,"Sterivex",3,"Summer2025",36.7015,-122.3743333,"300",300,"July",1.985,2,13.9157,13.8917,4.038756,4.042132,33.7135,33.7005,1.4711,0.69532,6.5785,112.196,286.572,0,"SynchroOSW - Summer2025 - CTD - M2.cnv",36.71,-122.312333333333,"Jul 24 2025 10:29:34",2025-07-24 10:29:34,300
"119","20250724-M2-torp-blank","dry filter","07.24.2025",NA,NA,NA,NA,"blank",NA,"M2","marine","0","passive","20","1",NA,NA,"Sterivex",3,"Summer2025",36.7015,-122.3743333,"0",NA,"July",1.985,NA,NA,NA,NA,NA,NA,NA,NA,NA,NA,NA,NA,NA,NA,36.71,-122.312333333333,NA,NA,NA
"120","20251027-ES-torp3-A","torp","10.27.2025",14:40:00,"transition",NA,NA,"eDNA","water","ELKHORN SLOUGH","estuary","0","passive","20","1","3",NA,"disk",4,"Fall2025",36.8105,-121.7827,"0",0,"October",NA,NA,NA,NA,NA,NA,NA,NA,NA,NA,NA,NA,NA,NA,NA,NA,NA,NA,NA,0
"121","20251027-ES-torp3-B","torp","10.27.2025",14:40:00,"transition",NA,NA,"eDNA","water","ELKHORN SLOUGH","estuary","0","passive","20","2","3",NA,"disk",4,"Fall2025",36.8105,-121.7827,"0",0,"October",NA,NA,NA,NA,NA,NA,NA,NA,NA,NA,NA,NA,NA,NA,NA,NA,NA,NA,NA,0
"122","20251027-ES-torp1-A","torp","10.27.2025",14:40:00,"transition",NA,NA,"eDNA","water","ELKHORN SLOUGH","estuary","0","passive","20","1","1",NA,"disk",4,"Fall2025",36.8105,-121.7827,"0",0,"October",NA,NA,NA,NA,NA,NA,NA,NA,NA,NA,NA,NA,NA,NA,NA,NA,NA,NA,NA,0
"123","20251027-ES-torp1-B","torp","10.27.2025",14:40:00,"transition",NA,NA,"eDNA","water","ELKHORN SLOUGH","estuary","0","passive","20","2","1",NA,"disk",4,"Fall2025",36.8105,-121.7827,"0",0,"October",NA,NA,NA,NA,NA,NA,NA,NA,NA,NA,NA,NA,NA,NA,NA,NA,NA,NA,NA,0
"124","20251027-ES-torp1-C","torp","10.27.2025",14:40:00,"transition",NA,NA,"eDNA","water","ELKHORN SLOUGH","estuary","0","passive","20","1","1",NA,"disk",4,"Fall2025",36.8105,-121.7827,"0",0,"October",NA,NA,NA,NA,NA,NA,NA,NA,NA,NA,NA,NA,NA,NA,NA,NA,NA,NA,NA,0
"125","20251027-ES-torp1-D","torp","10.27.2025",14:40:00,"transition",NA,NA,"eDNA","water","ELKHORN SLOUGH","estuary","0","passive","20","2","1",NA,"disk",4,"Fall2025",36.8105,-121.7827,"0",0,"October",NA,NA,NA,NA,NA,NA,NA,NA,NA,NA,NA,NA,NA,NA,NA,NA,NA,NA,NA,0
"126","20251027-ES26a",NA,"10.27.2025",15:00:00,"stationary",NA,NA,"eDNA","water","ELKHORN SLOUGH","estuary","0","active","0.22","1",NA,19,"Sterivex",4,"Fall2025",36.8105,-121.7827,"0",0,"October",NA,NA,NA,NA,NA,NA,NA,NA,NA,NA,NA,NA,NA,NA,NA,NA,NA,NA,NA,0
"127","20251027-ES26b",NA,"10.27.2025",15:00:00,"stationary",NA,NA,"eDNA","water","ELKHORN SLOUGH","estuary","0","active","0.22","2",NA,19,"Sterivex",4,"Fall2025",36.8105,-121.7827,"0",0,"October",NA,NA,NA,NA,NA,NA,NA,NA,NA,NA,NA,NA,NA,NA,NA,NA,NA,NA,NA,0
"128","20251027-ES26c",NA,"10.27.2025",15:00:00,"stationary",NA,NA,"eDNA","water","ELKHORN SLOUGH","estuary","0","active","0.22","3",NA,19,"Sterivex",4,"Fall2025",36.8105,-121.7827,"0",0,"October",NA,NA,NA,NA,NA,NA,NA,NA,NA,NA,NA,NA,NA,NA,NA,NA,NA,NA,NA,0
"129","20251027-ES27a",NA,"10.27.2025",15:00:00,"stationary",NA,NA,"eDNA","water","ELKHORN SLOUGH","estuary","0","active","0.22","1",NA,20,"Sterivex",4,"Fall2025",36.8105,-121.7827,"0",0,"October",NA,NA,NA,NA,NA,NA,NA,NA,NA,NA,NA,NA,NA,NA,NA,NA,NA,NA,NA,0
"130","20251027-ES27b",NA,"10.27.2025",15:00:00,"stationary",NA,NA,"eDNA","water","ELKHORN SLOUGH","estuary","0","active","0.22","2",NA,20,"Sterivex",4,"Fall2025",36.8105,-121.7827,"0",0,"October",NA,NA,NA,NA,NA,NA,NA,NA,NA,NA,NA,NA,NA,NA,NA,NA,NA,NA,NA,0
"131","20251027-ES27c",NA,"10.27.2025",15:00:00,"stationary",NA,NA,"eDNA","water","ELKHORN SLOUGH","estuary","0","active","0.22","3",NA,20,"Sterivex",4,"Fall2025",36.8105,-121.7827,"0",0,"October",NA,NA,NA,NA,NA,NA,NA,NA,NA,NA,NA,NA,NA,NA,NA,NA,NA,NA,NA,0
"132","20251027-ES28a",NA,"10.27.2025",15:00:00,"stationary",NA,NA,"eDNA","water","ELKHORN SLOUGH","estuary","0","active","0.22","1",NA,21,"Sterivex",4,"Fall2025",36.8105,-121.7827,"0",0,"October",NA,NA,NA,NA,NA,NA,NA,NA,NA,NA,NA,NA,NA,NA,NA,NA,NA,NA,NA,0
"133","20251027-ES28b",NA,"10.27.2025",15:00:00,"stationary",NA,NA,"eDNA","water","ELKHORN SLOUGH","estuary","0","active","0.22","2",NA,21,"Sterivex",4,"Fall2025",36.8105,-121.7827,"0",0,"October",NA,NA,NA,NA,NA,NA,NA,NA,NA,NA,NA,NA,NA,NA,NA,NA,NA,NA,NA,0
"134","20251027-ES28c",NA,"10.27.2025",15:00:00,"stationary",NA,NA,"eDNA","water","ELKHORN SLOUGH","estuary","0","active","0.22","3",NA,21,"Sterivex",4,"Fall2025",36.8105,-121.7827,"0",0,"October",NA,NA,NA,NA,NA,NA,NA,NA,NA,NA,NA,NA,NA,NA,NA,NA,NA,NA,NA,0
"135","20251027-ES29a",NA,"10.27.2025",15:00:00,"stationary",NA,NA,"eDNA","water","ELKHORN SLOUGH","estuary","0","active","0.22","1",NA,22,"Sterivex",4,"Fall2025",36.8105,-121.7827,"0",0,"October",NA,NA,NA,NA,NA,NA,NA,NA,NA,NA,NA,NA,NA,NA,NA,NA,NA,NA,NA,0
"136","20251027-ES29b",NA,"10.27.2025",15:00:00,"stationary",NA,NA,"eDNA","water","ELKHORN SLOUGH","estuary","0","active","0.22","2",NA,22,"Sterivex",4,"Fall2025",36.8105,-121.7827,"0",0,"October",NA,NA,NA,NA,NA,NA,NA,NA,NA,NA,NA,NA,NA,NA,NA,NA,NA,NA,NA,0
"137","20251027-ES29c",NA,"10.27.2025",15:00:00,"stationary",NA,NA,"eDNA","water","ELKHORN SLOUGH","estuary","0","active","0.22","3",NA,22,"Sterivex",4,"Fall2025",36.8105,-121.7827,"0",0,"October",NA,NA,NA,NA,NA,NA,NA,NA,NA,NA,NA,NA,NA,NA,NA,NA,NA,NA,NA,0
"138","20251027-ES-blank","MolGrad H20","10.27.2025",NA,NA,NA,NA,"blank","water","ELKHORN SLOUGH","estuary","0","active","0.22","1",NA,NA,"Sterivex",4,"Fall2025",36.8105,-121.7827,"0",0,"October",NA,NA,NA,NA,NA,NA,NA,NA,NA,NA,NA,NA,NA,NA,NA,NA,NA,NA,NA,0
"139","20251027-Blank-f020","dry, torp","10.27.2025",NA,NA,NA,NA,"blank",NA,"ELKHORN SLOUGH",NA,"0",NA,"0.22","1",NA,NA,"disk",4,"Fall2025",36.7502,-122.0495,"0",NA,"October",NA,NA,NA,NA,NA,NA,NA,NA,NA,NA,NA,NA,NA,NA,NA,NA,NA,NA,NA,NA
"140","20252910-M1-BLANK","MolGrad H20","02.01.1900",NA,NA,NA,NA,"blank",NA,"M1","marine","0","active","0.22","1",NA,NA,"Sterivex",4,"Fall2025",36.7502,-122.0495,"0",NA,"October",1.985,NA,NA,NA,NA,NA,NA,NA,NA,NA,NA,NA,NA,NA,NA,36.7501666666667,-122.0495,NA,NA,NA
"141","20252910-M1-300m-1",NA,"10.28.2025",NA,"stationary",NA,NA,"eDNA","water","M1","marine","300","active","0.22","1",NA,NA,"Sterivex",4,"Fall2025",36.7502,-122.0495,"300",300,"October",1.985,2,16.0932,16.0941,4.212201,4.204722,33.3334,33.2687,0.4872,0.039117,4.621,82.108,201.448,0,"SynchroOSW - Fall 2025 - m1.cnv",36.7501666666667,-122.0495,"Oct 28 2025 09:36:58",2025-10-28 09:36:58,300
"142","20252910-M1-300m-2",NA,"10.28.2025",NA,"stationary",NA,NA,"eDNA","water","M1","marine","300","active","0.22","2",NA,NA,"Sterivex",4,"Fall2025",36.7502,-122.0495,"300",300,"October",1.985,2,16.0932,16.0941,4.212201,4.204722,33.3334,33.2687,0.4872,0.039117,4.621,82.108,201.448,0,"SynchroOSW - Fall 2025 - m1.cnv",36.7501666666667,-122.0495,"Oct 28 2025 09:36:58",2025-10-28 09:36:58,300
"143","20252910-M1-300m-3",NA,"10.28.2025",NA,"stationary",NA,NA,"eDNA","water","M1","marine","300","active","0.22","3",NA,NA,"Sterivex",4,"Fall2025",36.7502,-122.0495,"300",300,"October",1.985,2,16.0932,16.0941,4.212201,4.204722,33.3334,33.2687,0.4872,0.039117,4.621,82.108,201.448,0,"SynchroOSW - Fall 2025 - m1.cnv",36.7501666666667,-122.0495,"Oct 28 2025 09:36:58",2025-10-28 09:36:58,300
"144","20252910-M1-150m-1",NA,"10.28.2025",NA,"stationary",NA,NA,"eDNA","water","M1","marine","150","active","0.22","1",NA,NA,"Sterivex",4,"Fall2025",36.7502,-122.0495,"150",150,"October",1.985,2,16.0932,16.0941,4.212201,4.204722,33.3334,33.2687,0.4872,0.039117,4.621,82.108,201.448,0,"SynchroOSW - Fall 2025 - m1.cnv",36.7501666666667,-122.0495,"Oct 28 2025 09:36:58",2025-10-28 09:36:58,150
"145","20252910-M1-150m-2",NA,"10.28.2025",NA,"stationary",NA,NA,"eDNA","water","M1","marine","150","active","0.22","2",NA,NA,"Sterivex",4,"Fall2025",36.7502,-122.0495,"150",150,"October",1.985,2,16.0932,16.0941,4.212201,4.204722,33.3334,33.2687,0.4872,0.039117,4.621,82.108,201.448,0,"SynchroOSW - Fall 2025 - m1.cnv",36.7501666666667,-122.0495,"Oct 28 2025 09:36:58",2025-10-28 09:36:58,150
"146","20252910-M1-150m-3",NA,"10.28.2025",NA,"stationary",NA,NA,"eDNA","water","M1","marine","150","active","0.22","3",NA,NA,"Sterivex",4,"Fall2025",36.7502,-122.0495,"150",150,"October",1.985,2,16.0932,16.0941,4.212201,4.204722,33.3334,33.2687,0.4872,0.039117,4.621,82.108,201.448,0,"SynchroOSW - Fall 2025 - m1.cnv",36.7501666666667,-122.0495,"Oct 28 2025 09:36:58",2025-10-28 09:36:58,150
"147","20252910-M1-015m-1","Deep Chl max","10.28.2025",NA,"stationary",NA,NA,"eDNA","water","M1","marine","15","active","0.22","1",NA,NA,"Sterivex",4,"Fall2025",36.7502,-122.0495,"15",15,"October",1.985,2,16.0932,16.0941,4.212201,4.204722,33.3334,33.2687,0.4872,0.039117,4.621,82.108,201.448,0,"SynchroOSW - Fall 2025 - m1.cnv",36.7501666666667,-122.0495,"Oct 28 2025 09:36:58",2025-10-28 09:36:58,15
"148","20252910-M1-015m-2","Deep Chl max","10.28.2025",NA,"stationary",NA,NA,"eDNA","water","M1","marine","15","active","0.22","2",NA,NA,"Sterivex",4,"Fall2025",36.7502,-122.0495,"15",15,"October",1.985,2,16.0932,16.0941,4.212201,4.204722,33.3334,33.2687,0.4872,0.039117,4.621,82.108,201.448,0,"SynchroOSW - Fall 2025 - m1.cnv",36.7501666666667,-122.0495,"Oct 28 2025 09:36:58",2025-10-28 09:36:58,15
"149","20252910-M1-015m-3","Deep Chl max","10.28.2025",NA,"stationary",NA,NA,"eDNA","water","M1","marine","15","active","0.22","3",NA,NA,"Sterivex",4,"Fall2025",36.7502,-122.0495,"15",15,"October",1.985,2,16.0932,16.0941,4.212201,4.204722,33.3334,33.2687,0.4872,0.039117,4.621,82.108,201.448,0,"SynchroOSW - Fall 2025 - m1.cnv",36.7501666666667,-122.0495,"Oct 28 2025 09:36:58",2025-10-28 09:36:58,15
"150","20252910-M1-010M-1",NA,"10.28.2025",NA,"stationary",NA,NA,"eDNA","water","M1","marine","10","active","0.22","1",NA,NA,"Sterivex",4,"Fall2025",36.7502,-122.0495,"10",10,"October",1.985,2,16.0932,16.0941,4.212201,4.204722,33.3334,33.2687,0.4872,0.039117,4.621,82.108,201.448,0,"SynchroOSW - Fall 2025 - m1.cnv",36.7501666666667,-122.0495,"Oct 28 2025 09:36:58",2025-10-28 09:36:58,10
"151","20252910-M1-010M-2",NA,"10.28.2025",NA,"stationary",NA,NA,"eDNA","water","M1","marine","10","active","0.22","2",NA,NA,"Sterivex",4,"Fall2025",36.7502,-122.0495,"10",10,"October",1.985,2,16.0932,16.0941,4.212201,4.204722,33.3334,33.2687,0.4872,0.039117,4.621,82.108,201.448,0,"SynchroOSW - Fall 2025 - m1.cnv",36.7501666666667,-122.0495,"Oct 28 2025 09:36:58",2025-10-28 09:36:58,10
"152","20252910-M1-010M-3",NA,"10.28.2025",NA,"stationary",NA,NA,"eDNA","water","M1","marine","10","active","0.22","3",NA,NA,"Sterivex",4,"Fall2025",36.7502,-122.0495,"10",10,"October",1.985,2,16.0932,16.0941,4.212201,4.204722,33.3334,33.2687,0.4872,0.039117,4.621,82.108,201.448,0,"SynchroOSW - Fall 2025 - m1.cnv",36.7501666666667,-122.0495,"Oct 28 2025 09:36:58",2025-10-28 09:36:58,10
"153","20252910-ML-M1-air-1","mainland to M1","10.28.2025",NA,"stationary","ML","M1","eDNA","air","M1","marine","0","passive","0.22","1",NA,NA,"disk",4,"Fall2025",36.7502,-122.0495,"0",NA,"October",1.985,NA,NA,NA,NA,NA,NA,NA,NA,NA,NA,NA,NA,NA,NA,36.7501666666667,-122.0495,NA,NA,NA
"154","20252910-ML-M1-air-2","mainland to M1","10.28.2025",NA,"stationary","ML","M1","eDNA","air","M1","marine","0","passive","0.22","2",NA,NA,"disk",4,"Fall2025",36.7502,-122.0495,"0",NA,"October",1.985,NA,NA,NA,NA,NA,NA,NA,NA,NA,NA,NA,NA,NA,NA,36.7501666666667,-122.0495,NA,NA,NA
"155","20252910-ML-M1-air-3","mainland to M1","10.28.2025",NA,"stationary","ML","M1","eDNA","air","M1","marine","0","passive","0.22","3",NA,NA,"disk",4,"Fall2025",36.7502,-122.0495,"0",NA,"October",1.985,NA,NA,NA,NA,NA,NA,NA,NA,NA,NA,NA,NA,NA,NA,36.7501666666667,-122.0495,NA,NA,NA
"156","20252910-ML-M1-air-ctrl","mainland to M1","10.28.2025",NA,NA,NA,NA,"blank","air","M1","marine","0","passive","0.22","1",NA,NA,"disk",4,"Fall2025",36.7502,-122.0495,"0",NA,"October",1.985,NA,NA,NA,NA,NA,NA,NA,NA,NA,NA,NA,NA,NA,NA,36.7501666666667,-122.0495,NA,NA,NA
"157","20252910-M1-air-st-A","deployed for 20 mins","10.28.2025",NA,"stationary","M1","M1","eDNA","air","M1","marine","0","passive","0.22","1",NA,NA,"disk",4,"Fall2025",36.7502,-122.0495,"0",NA,"October",1.985,NA,NA,NA,NA,NA,NA,NA,NA,NA,NA,NA,NA,NA,NA,36.7501666666667,-122.0495,NA,NA,NA
"158","20252910-M1-air-st-B","deployed for 20 mins","10.28.2025",NA,"stationary","M1","M1","eDNA","air","M1","marine","0","passive","0.22","2",NA,NA,"disk",4,"Fall2025",36.7502,-122.0495,"0",NA,"October",1.985,NA,NA,NA,NA,NA,NA,NA,NA,NA,NA,NA,NA,NA,NA,36.7501666666667,-122.0495,NA,NA,NA
"159","20252910-M1-air-st-C","deployed for 20 mins","10.28.2025",NA,"stationary","M1","M1","eDNA","air","M1","marine","0","passive","0.22","3",NA,NA,"disk",4,"Fall2025",36.7502,-122.0495,"0",NA,"October",1.985,NA,NA,NA,NA,NA,NA,NA,NA,NA,NA,NA,NA,NA,NA,36.7501666666667,-122.0495,NA,NA,NA
"160","20252910-M1-torp-A","torp","10.28.2025",NA,"transition",NA,NA,"eDNA","water","M1","marine","0","passive","20","1",NA,NA,"disk",4,"Fall2025",36.7502,-122.0495,"0",0,"October",1.985,2,16.0932,16.0941,4.212201,4.204722,33.3334,33.2687,0.4872,0.039117,4.621,82.108,201.448,0,"SynchroOSW - Fall 2025 - m1.cnv",36.7501666666667,-122.0495,"Oct 28 2025 09:36:58",2025-10-28 09:36:58,0
"161","20252910-M1-torp-B","torp","10.28.2025",NA,"transition",NA,NA,"eDNA","water","M1","marine","0","passive","20","2",NA,NA,"disk",4,"Fall2025",36.7502,-122.0495,"0",0,"October",1.985,2,16.0932,16.0941,4.212201,4.204722,33.3334,33.2687,0.4872,0.039117,4.621,82.108,201.448,0,"SynchroOSW - Fall 2025 - m1.cnv",36.7501666666667,-122.0495,"Oct 28 2025 09:36:58",2025-10-28 09:36:58,0
"162","20252910-M1-torp-ctrl","torp","10.28.2025",NA,NA,NA,NA,"blank",NA,"M1",NA,"0","passive","20","1",NA,NA,"disk",4,"Fall2025",36.7502,-122.0495,"0",NA,"October",1.985,NA,NA,NA,NA,NA,NA,NA,NA,NA,NA,NA,NA,NA,NA,36.7501666666667,-122.0495,NA,NA,NA
"163","20252910-MARS-torp-A","torp","10.29.2025",NA,"transition",NA,NA,"eDNA","water","MARS","marine","0","passive","20","1","3",NA,"disk",4,"Fall2025",36.721,-122.1903,"0",0,"October",1.985,2,16.1361,16.1369,4.22252,4.218972,33.3905,33.3588,0.4281,0.048783,5.1312,91.277,223.682,0,"SynchroOSW - Fall 2025 - mars.cnv",36.721,-122.190333333333,"Oct 29 2025 08:54:46",2025-10-29 08:54:46,0
"164","20252910-MARS-torp-B","torp","10.29.2025",NA,"transition",NA,NA,"eDNA","water","MARS","marine","0","passive","20","2","3",NA,"disk",4,"Fall2025",36.721,-122.1903,"0",0,"October",1.985,2,16.1361,16.1369,4.22252,4.218972,33.3905,33.3588,0.4281,0.048783,5.1312,91.277,223.682,0,"SynchroOSW - Fall 2025 - mars.cnv",36.721,-122.190333333333,"Oct 29 2025 08:54:46",2025-10-29 08:54:46,0
"165","20252910-MARS-air-st-1",NA,"10.29.2025",NA,"stationary","MARS","MARS","eDNA","air","MARS","marine","0","passive","0.22","1",NA,NA,"disk",4,"Fall2025",36.721,-122.1903,"0",NA,"October",1.985,NA,NA,NA,NA,NA,NA,NA,NA,NA,NA,NA,NA,NA,NA,36.721,-122.190333333333,NA,NA,NA
"166","20252910-MARS-air-st-2",NA,"10.29.2025",NA,"stationary","MARS","MARS","eDNA","air","MARS","marine","0","passive","0.22","2",NA,NA,"disk",4,"Fall2025",36.721,-122.1903,"0",NA,"October",1.985,NA,NA,NA,NA,NA,NA,NA,NA,NA,NA,NA,NA,NA,NA,36.721,-122.190333333333,NA,NA,NA
"167","20252910-MARS-air-st-3",NA,"10.29.2025",NA,"stationary","MARS","MARS","eDNA","air","MARS","marine","0","passive","0.22","3",NA,NA,"disk",4,"Fall2025",36.721,-122.1903,"0",NA,"October",1.985,NA,NA,NA,NA,NA,NA,NA,NA,NA,NA,NA,NA,NA,NA,36.721,-122.190333333333,NA,NA,NA
"168","20252910-MARS-airBLANK",NA,"10.29.2025",NA,NA,NA,NA,"blank","air","MARS","marine","0","passive","0.22","3",NA,NA,"disk",4,"Fall2025",36.721,-122.1903,"0",NA,"October",1.985,NA,NA,NA,NA,NA,NA,NA,NA,NA,NA,NA,NA,NA,NA,36.721,-122.190333333333,NA,NA,NA
"169","20252910-ML-MARS-air-1","transit ML to MARS","10.29.2025",NA,"transition","ML","MARS","eDNA","air","MARS","marine","0","passive","0.22","1",NA,NA,"disk",4,"Fall2025",36.721,-122.1903,"0",NA,"October",1.985,NA,NA,NA,NA,NA,NA,NA,NA,NA,NA,NA,NA,NA,NA,36.721,-122.190333333333,NA,NA,NA
"170","20252910-ML-MARS-air-2","transit ML to MARS","10.29.2025",NA,"transition","ML","MARS","eDNA","air","MARS","marine","0","passive","0.22","2",NA,NA,"disk",4,"Fall2025",36.721,-122.1903,"0",NA,"October",1.985,NA,NA,NA,NA,NA,NA,NA,NA,NA,NA,NA,NA,NA,NA,36.721,-122.190333333333,NA,NA,NA
"171","20252910-ML-MARS-air-3","transit ML to MARS","10.29.2025",NA,"transition","ML","MARS","eDNA","air","MARS","marine","0","passive","0.22","3",NA,NA,"disk",4,"Fall2025",36.721,-122.1903,"0",NA,"October",1.985,NA,NA,NA,NA,NA,NA,NA,NA,NA,NA,NA,NA,NA,NA,36.721,-122.190333333333,NA,NA,NA
"172","20252910-MARS-M2-air-1-2","transit MARS to M1","10.29.2025",NA,"transition","MARS","M1","eDNA","air","MARS","marine","0","passive","0.22","2",NA,NA,"disk",4,"Fall2025",36.721,-122.1903,"0",NA,"October",1.985,NA,NA,NA,NA,NA,NA,NA,NA,NA,NA,NA,NA,NA,NA,36.721,-122.190333333333,NA,NA,NA
"173","20252910-MARS-M2-air-2","transit MARS to M1","10.29.2025",NA,"transition","MARS","M1","eDNA","air","MARS","marine","0","passive","0.22","2",NA,NA,"disk",4,"Fall2025",36.721,-122.1903,"0",NA,"October",1.985,NA,NA,NA,NA,NA,NA,NA,NA,NA,NA,NA,NA,NA,NA,36.721,-122.190333333333,NA,NA,NA
"174","20252910-MARS-M2-air-3","transit MARS to M1","10.29.2025",NA,"transition","MARS","M1","eDNA","air","MARS","marine","0","passive","0.22","3",NA,NA,"disk",4,"Fall2025",36.721,-122.1903,"0",NA,"October",1.985,NA,NA,NA,NA,NA,NA,NA,NA,NA,NA,NA,NA,NA,NA,36.721,-122.190333333333,NA,NA,NA
"175","20252910-MARS-M2-air-3","transit MARS to M1","10.29.2025",NA,"transition","MARS","M1","eDNA","air","MARS","marine","0","passive","0.22","3",NA,NA,"disk",4,"Fall2025",36.721,-122.1903,"0",NA,"October",1.985,NA,NA,NA,NA,NA,NA,NA,NA,NA,NA,NA,NA,NA,NA,36.721,-122.190333333333,NA,NA,NA
"176","MARS-BLANK","handwritten, MolGrad H20","10.29.2025",NA,NA,NA,NA,"blank",NA,"MARS","marine","0","active","0.22","1",NA,NA,"Sterivex",4,"Fall2025",36.721,-122.1903,"0",NA,"October",1.985,NA,NA,NA,NA,NA,NA,NA,NA,NA,NA,NA,NA,NA,NA,36.721,-122.190333333333,NA,NA,NA
"177","20252910-MARS-300m-1",NA,"10.29.2025",NA,"stationary",NA,NA,"eDNA","water","MARS","marine","300","active","0.22","1",NA,NA,"Sterivex",4,"Fall2025",36.721,-122.1903,"300",300,"October",1.985,2,16.1361,16.1369,4.22252,4.218972,33.3905,33.3588,0.4281,0.048783,5.1312,91.277,223.682,0,"SynchroOSW - Fall 2025 - mars.cnv",36.721,-122.190333333333,"Oct 29 2025 08:54:46",2025-10-29 08:54:46,300
"178","20252910-MARS-300m-2",NA,"10.29.2025",NA,"stationary",NA,NA,"eDNA","water","MARS","marine","300","active","0.22","2",NA,NA,"Sterivex",4,"Fall2025",36.721,-122.1903,"300",300,"October",1.985,2,16.1361,16.1369,4.22252,4.218972,33.3905,33.3588,0.4281,0.048783,5.1312,91.277,223.682,0,"SynchroOSW - Fall 2025 - mars.cnv",36.721,-122.190333333333,"Oct 29 2025 08:54:46",2025-10-29 08:54:46,300
"179","20252910-MARS-300m-3",NA,"10.29.2025",NA,"stationary",NA,NA,"eDNA","water","MARS","marine","300","active","0.22","3",NA,NA,"Sterivex",4,"Fall2025",36.721,-122.1903,"300",300,"October",1.985,2,16.1361,16.1369,4.22252,4.218972,33.3905,33.3588,0.4281,0.048783,5.1312,91.277,223.682,0,"SynchroOSW - Fall 2025 - mars.cnv",36.721,-122.190333333333,"Oct 29 2025 08:54:46",2025-10-29 08:54:46,300
"180","20252910-MARS-150m-1",NA,"10.29.2025",NA,"stationary",NA,NA,"eDNA","water","MARS","marine","150","active","0.22","1",NA,NA,"Sterivex",4,"Fall2025",36.721,-122.1903,"150",150,"October",1.985,2,16.1361,16.1369,4.22252,4.218972,33.3905,33.3588,0.4281,0.048783,5.1312,91.277,223.682,0,"SynchroOSW - Fall 2025 - mars.cnv",36.721,-122.190333333333,"Oct 29 2025 08:54:46",2025-10-29 08:54:46,150
"181","20252910-MARS-150m-2",NA,"10.29.2025",NA,"stationary",NA,NA,"eDNA","water","MARS","marine","150","active","0.22","2",NA,NA,"Sterivex",4,"Fall2025",36.721,-122.1903,"150",150,"October",1.985,2,16.1361,16.1369,4.22252,4.218972,33.3905,33.3588,0.4281,0.048783,5.1312,91.277,223.682,0,"SynchroOSW - Fall 2025 - mars.cnv",36.721,-122.190333333333,"Oct 29 2025 08:54:46",2025-10-29 08:54:46,150
"182","20252910-MARS-150m-3",NA,"10.29.2025",NA,"stationary",NA,NA,"eDNA","water","MARS","marine","150","active","0.22","3",NA,NA,"Sterivex",4,"Fall2025",36.721,-122.1903,"150",150,"October",1.985,2,16.1361,16.1369,4.22252,4.218972,33.3905,33.3588,0.4281,0.048783,5.1312,91.277,223.682,0,"SynchroOSW - Fall 2025 - mars.cnv",36.721,-122.190333333333,"Oct 29 2025 08:54:46",2025-10-29 08:54:46,150
"183","20252910-MARS-020m-1","Deep Chl max","10.29.2025",NA,"stationary",NA,NA,"eDNA","water","MARS","marine","20","active","0.22","1",NA,NA,"Sterivex",4,"Fall2025",36.721,-122.1903,"20",20,"October",1.985,2,16.1361,16.1369,4.22252,4.218972,33.3905,33.3588,0.4281,0.048783,5.1312,91.277,223.682,0,"SynchroOSW - Fall 2025 - mars.cnv",36.721,-122.190333333333,"Oct 29 2025 08:54:46",2025-10-29 08:54:46,20
"184","20252910-MARS-020m-2","Deep Chl max","10.29.2025",NA,"stationary",NA,NA,"eDNA","water","MARS","marine","20","active","0.22","2",NA,NA,"Sterivex",4,"Fall2025",36.721,-122.1903,"20",20,"October",1.985,2,16.1361,16.1369,4.22252,4.218972,33.3905,33.3588,0.4281,0.048783,5.1312,91.277,223.682,0,"SynchroOSW - Fall 2025 - mars.cnv",36.721,-122.190333333333,"Oct 29 2025 08:54:46",2025-10-29 08:54:46,20
"185","20252910-MARS-020m-3","Deep Chl max","10.29.2025",NA,"stationary",NA,NA,"eDNA","water","MARS","marine","20","active","0.22","3",NA,NA,"Sterivex",4,"Fall2025",36.721,-122.1903,"20",20,"October",1.985,2,16.1361,16.1369,4.22252,4.218972,33.3905,33.3588,0.4281,0.048783,5.1312,91.277,223.682,0,"SynchroOSW - Fall 2025 - mars.cnv",36.721,-122.190333333333,"Oct 29 2025 08:54:46",2025-10-29 08:54:46,20
"186","20252910-MARS-010m-1",NA,"10.29.2025",NA,"stationary",NA,NA,"eDNA","water","MARS","marine","10","active","0.22","1",NA,NA,"Sterivex",4,"Fall2025",36.721,-122.1903,"10",10,"October",1.985,2,16.1361,16.1369,4.22252,4.218972,33.3905,33.3588,0.4281,0.048783,5.1312,91.277,223.682,0,"SynchroOSW - Fall 2025 - mars.cnv",36.721,-122.190333333333,"Oct 29 2025 08:54:46",2025-10-29 08:54:46,10
"187","20252910-MARS-010m-2",NA,"10.29.2025",NA,"stationary",NA,NA,"eDNA","water","MARS","marine","10","active","0.22","2",NA,NA,"Sterivex",4,"Fall2025",36.721,-122.1903,"10",10,"October",1.985,2,16.1361,16.1369,4.22252,4.218972,33.3905,33.3588,0.4281,0.048783,5.1312,91.277,223.682,0,"SynchroOSW - Fall 2025 - mars.cnv",36.721,-122.190333333333,"Oct 29 2025 08:54:46",2025-10-29 08:54:46,10
"188","20252910-MARS-010m-3",NA,"10.29.2025",NA,"stationary",NA,NA,"eDNA","water","MARS","marine","10","active","0.22","3",NA,NA,"Sterivex",4,"Fall2025",36.721,-122.1903,"10",10,"October",1.985,2,16.1361,16.1369,4.22252,4.218972,33.3905,33.3588,0.4281,0.048783,5.1312,91.277,223.682,0,"SynchroOSW - Fall 2025 - mars.cnv",36.721,-122.190333333333,"Oct 29 2025 08:54:46",2025-10-29 08:54:46,10
"189","20252810-C1-Blnk","MolGrad H20","10.28.2025",NA,NA,NA,NA,"blank",NA,"C1","marine","0","active","0.22","1",NA,NA,"Sterivex",4,"Fall2025",36.8,-121.8562,"0",NA,"October",1.985,NA,NA,NA,NA,NA,NA,NA,NA,NA,NA,NA,NA,NA,NA,36.8006666666667,-121.856166666667,NA,NA,NA
"190","20252810-C1-150m-1",NA,"10.28.2025",NA,"stationary",NA,NA,"eDNA","water","C1","marine","150","active","0.22","1",NA,NA,"Sterivex",4,"Fall2025",36.8,-121.8562,"150",150,"October",1.985,2,14.8633,14.8643,4.097813,4.093587,33.3603,33.3183,1.2207,0.24325,6.0423,104.794,263.336,0,"SynchroOSW - Fall 2025 - c1.cnv",36.8006666666667,-121.856166666667,"Oct 28 2025 12:59:01",2025-10-28 12:59:01,150
"191","20252810-C1-150m-2",NA,"10.28.2025",NA,"stationary",NA,NA,"eDNA","water","C1","marine","150","active","0.22","2",NA,NA,"Sterivex",4,"Fall2025",36.8,-121.8562,"150",150,"October",1.985,2,14.8633,14.8643,4.097813,4.093587,33.3603,33.3183,1.2207,0.24325,6.0423,104.794,263.336,0,"SynchroOSW - Fall 2025 - c1.cnv",36.8006666666667,-121.856166666667,"Oct 28 2025 12:59:01",2025-10-28 12:59:01,150
"192","20252810-C1-150m-3",NA,"10.28.2025",NA,"stationary",NA,NA,"eDNA","water","C1","marine","150","active","0.22","3",NA,NA,"Sterivex",4,"Fall2025",36.8,-121.8562,"150",150,"October",1.985,2,14.8633,14.8643,4.097813,4.093587,33.3603,33.3183,1.2207,0.24325,6.0423,104.794,263.336,0,"SynchroOSW - Fall 2025 - c1.cnv",36.8006666666667,-121.856166666667,"Oct 28 2025 12:59:01",2025-10-28 12:59:01,150
"193","20252810-C1-010m-1",NA,"10.28.2025",NA,"stationary",NA,NA,"eDNA","water","C1","marine","10","active","0.22","1",NA,NA,"Sterivex",4,"Fall2025",36.8,-121.8562,"10",10,"October",1.985,2,14.8633,14.8643,4.097813,4.093587,33.3603,33.3183,1.2207,0.24325,6.0423,104.794,263.336,0,"SynchroOSW - Fall 2025 - c1.cnv",36.8006666666667,-121.856166666667,"Oct 28 2025 12:59:01",2025-10-28 12:59:01,10
"194","20252810-C1-010m-2",NA,"10.28.2025",NA,"stationary",NA,NA,"eDNA","water","C1","marine","10","active","0.22","2",NA,NA,"Sterivex",4,"Fall2025",36.8,-121.8562,"10",10,"October",1.985,2,14.8633,14.8643,4.097813,4.093587,33.3603,33.3183,1.2207,0.24325,6.0423,104.794,263.336,0,"SynchroOSW - Fall 2025 - c1.cnv",36.8006666666667,-121.856166666667,"Oct 28 2025 12:59:01",2025-10-28 12:59:01,10
"195","20252810-C1-010m-3",NA,"10.28.2025",NA,"stationary",NA,NA,"eDNA","water","C1","marine","10","active","0.22","3",NA,NA,"Sterivex",4,"Fall2025",36.8,-121.8562,"10",10,"October",1.985,2,14.8633,14.8643,4.097813,4.093587,33.3603,33.3183,1.2207,0.24325,6.0423,104.794,263.336,0,"SynchroOSW - Fall 2025 - c1.cnv",36.8006666666667,-121.856166666667,"Oct 28 2025 12:59:01",2025-10-28 12:59:01,10
"196","20252810-C1-010m-4","Deep Chl max","10.28.2025",NA,"stationary",NA,NA,"eDNA","water","C1","marine","10","active","0.22","1",NA,NA,"Sterivex",4,"Fall2025",36.8,-121.8562,"10",10,"October",1.985,2,14.8633,14.8643,4.097813,4.093587,33.3603,33.3183,1.2207,0.24325,6.0423,104.794,263.336,0,"SynchroOSW - Fall 2025 - c1.cnv",36.8006666666667,-121.856166666667,"Oct 28 2025 12:59:01",2025-10-28 12:59:01,10
"197","20252810-C1-010m-5","Deep Chl max","10.28.2025",NA,"stationary",NA,NA,"eDNA","water","C1","marine","10","active","0.22","2",NA,NA,"Sterivex",4,"Fall2025",36.8,-121.8562,"10",10,"October",1.985,2,14.8633,14.8643,4.097813,4.093587,33.3603,33.3183,1.2207,0.24325,6.0423,104.794,263.336,0,"SynchroOSW - Fall 2025 - c1.cnv",36.8006666666667,-121.856166666667,"Oct 28 2025 12:59:01",2025-10-28 12:59:01,10
"198","20252810-C1-010m-6","Deep Chl max","10.28.2025",NA,"stationary",NA,NA,"eDNA","water","C1","marine","10","active","0.22","3",NA,NA,"Sterivex",4,"Fall2025",36.8,-121.8562,"10",10,"October",1.985,2,14.8633,14.8643,4.097813,4.093587,33.3603,33.3183,1.2207,0.24325,6.0423,104.794,263.336,0,"SynchroOSW - Fall 2025 - c1.cnv",36.8006666666667,-121.856166666667,"Oct 28 2025 12:59:01",2025-10-28 12:59:01,10
"199","20252810-C1-010m-7",NA,"10.28.2025",NA,"stationary",NA,NA,"eDNA","water","C1","marine","10","active","0.22","1",NA,NA,"Sterivex",4,"Fall2025",36.8,-121.8562,"10",10,"October",1.985,2,14.8633,14.8643,4.097813,4.093587,33.3603,33.3183,1.2207,0.24325,6.0423,104.794,263.336,0,"SynchroOSW - Fall 2025 - c1.cnv",36.8006666666667,-121.856166666667,"Oct 28 2025 12:59:01",2025-10-28 12:59:01,10
"200","20252810-C1-010m-8",NA,"10.28.2025",NA,"stationary",NA,NA,"eDNA","water","C1","marine","10","active","0.22","2",NA,NA,"Sterivex",4,"Fall2025",36.8,-121.8562,"10",10,"October",1.985,2,14.8633,14.8643,4.097813,4.093587,33.3603,33.3183,1.2207,0.24325,6.0423,104.794,263.336,0,"SynchroOSW - Fall 2025 - c1.cnv",36.8006666666667,-121.856166666667,"Oct 28 2025 12:59:01",2025-10-28 12:59:01,10
"201","20252810-C1-010m-9",NA,"10.28.2025",NA,"stationary",NA,NA,"eDNA","water","C1","marine","10","active","0.22","3",NA,NA,"Sterivex",4,"Fall2025",36.8,-121.8562,"10",10,"October",1.985,2,14.8633,14.8643,4.097813,4.093587,33.3603,33.3183,1.2207,0.24325,6.0423,104.794,263.336,0,"SynchroOSW - Fall 2025 - c1.cnv",36.8006666666667,-121.856166666667,"Oct 28 2025 12:59:01",2025-10-28 12:59:01,10
"202","20252810-C1-air-st-1",NA,"10.28.2025",NA,"stationary","C1","C1","eDNA","air","C1","marine","0","passive","0.22","1",NA,NA,"disk",4,"Fall2025",36.8,-121.8562,"0",NA,"October",1.985,NA,NA,NA,NA,NA,NA,NA,NA,NA,NA,NA,NA,NA,NA,36.8006666666667,-121.856166666667,NA,NA,NA
"203","20252810-C1-air-st-2",NA,"10.28.2025",NA,"stationary","C1","C1","eDNA","air","C1","marine","0","passive","0.22","2",NA,NA,"disk",4,"Fall2025",36.8,-121.8562,"0",NA,"October",1.985,NA,NA,NA,NA,NA,NA,NA,NA,NA,NA,NA,NA,NA,NA,36.8006666666667,-121.856166666667,NA,NA,NA
"204","20252810-C1-air-st-3",NA,"10.28.2025",NA,"stationary","C1","C1","eDNA","air","C1","marine","0","passive","0.22","3",NA,NA,"disk",4,"Fall2025",36.8,-121.8562,"0",NA,"October",1.985,NA,NA,NA,NA,NA,NA,NA,NA,NA,NA,NA,NA,NA,NA,36.8006666666667,-121.856166666667,NA,NA,NA
"205","20250724-M1-C-torp-A","torp","10.28.2025",NA,"transition",NA,NA,"eDNA","water","M2","marine","0","passive","0.22","1","3",NA,"disk",4,"Fall2025",36.8,-121.8562,"0",0,"October",1.985,2,15.9509,15.9514,4.20488,4.202094,33.391,33.3653,1.1855,0.03813,5.2256,92.62,227.79,0,"SynchroOSW - Fall 2025 - M2.cnv",36.7128333333333,-122.304,"Oct 29 2025 10:29:11",2025-10-29 10:29:11,0
"206","20250724-M1-C-torp-B","torp","10.28.2025",NA,"transition",NA,NA,"eDNA","water","M2","marine","0","passive","0.22","2","3",NA,"disk",4,"Fall2025",36.8,-121.8562,"0",0,"October",1.985,2,15.9509,15.9514,4.20488,4.202094,33.391,33.3653,1.1855,0.03813,5.2256,92.62,227.79,0,"SynchroOSW - Fall 2025 - M2.cnv",36.7128333333333,-122.304,"Oct 29 2025 10:29:11",2025-10-29 10:29:11,0
"207","20252910-M2-Blnk","torp","10.29.2025",NA,NA,NA,NA,"blank",NA,"M2","marine","0","active","20","1",NA,NA,"Sterivex",4,"Fall2025",36.713,-122.304,"0",NA,"October",1.985,NA,NA,NA,NA,NA,NA,NA,NA,NA,NA,NA,NA,NA,NA,36.7128333333333,-122.304,NA,NA,NA
"208","20252910-M2-150m-1","torp","10.29.2025",NA,"stationary",NA,NA,"eDNA","water","M2","marine","150","active","0.22","1",NA,NA,"Sterivex",4,"Fall2025",36.713,-122.304,"150",150,"October",1.985,2,15.9509,15.9514,4.20488,4.202094,33.391,33.3653,1.1855,0.03813,5.2256,92.62,227.79,0,"SynchroOSW - Fall 2025 - M2.cnv",36.7128333333333,-122.304,"Oct 29 2025 10:29:11",2025-10-29 10:29:11,150
"209","20252910-M2-150m-2","torp","10.29.2025",NA,"stationary",NA,NA,"eDNA","water","M2","marine","150","active","0.22","2",NA,NA,"Sterivex",4,"Fall2025",36.713,-122.304,"150",150,"October",1.985,2,15.9509,15.9514,4.20488,4.202094,33.391,33.3653,1.1855,0.03813,5.2256,92.62,227.79,0,"SynchroOSW - Fall 2025 - M2.cnv",36.7128333333333,-122.304,"Oct 29 2025 10:29:11",2025-10-29 10:29:11,150
"210","20252910-M2-150m-3",NA,"10.29.2025",NA,"stationary",NA,NA,"eDNA","water","M2","marine","150","active","0.22","3",NA,NA,"Sterivex",4,"Fall2025",36.713,-122.304,"150",150,"October",1.985,2,15.9509,15.9514,4.20488,4.202094,33.391,33.3653,1.1855,0.03813,5.2256,92.62,227.79,0,"SynchroOSW - Fall 2025 - M2.cnv",36.7128333333333,-122.304,"Oct 29 2025 10:29:11",2025-10-29 10:29:11,150
"211","20252910-M2-010m-1",NA,"10.29.2025",NA,"stationary",NA,NA,"eDNA","water","M2","marine","10","active","0.22","1",NA,NA,"Sterivex",4,"Fall2025",36.713,-122.304,"10",10,"October",1.985,2,15.9509,15.9514,4.20488,4.202094,33.391,33.3653,1.1855,0.03813,5.2256,92.62,227.79,0,"SynchroOSW - Fall 2025 - M2.cnv",36.7128333333333,-122.304,"Oct 29 2025 10:29:11",2025-10-29 10:29:11,10
"212","20252910-M2-010m-2",NA,"10.29.2025",NA,"stationary",NA,NA,"eDNA","water","M2","marine","10","active","0.22","2",NA,NA,"Sterivex",4,"Fall2025",36.713,-122.304,"10",10,"October",1.985,2,15.9509,15.9514,4.20488,4.202094,33.391,33.3653,1.1855,0.03813,5.2256,92.62,227.79,0,"SynchroOSW - Fall 2025 - M2.cnv",36.7128333333333,-122.304,"Oct 29 2025 10:29:11",2025-10-29 10:29:11,10
"213","20252910-M2-010m-3",NA,"10.29.2025",NA,"stationary",NA,NA,"eDNA","water","M2","marine","10","active","0.22","3",NA,NA,"Sterivex",4,"Fall2025",36.713,-122.304,"10",10,"October",1.985,2,15.9509,15.9514,4.20488,4.202094,33.391,33.3653,1.1855,0.03813,5.2256,92.62,227.79,0,"SynchroOSW - Fall 2025 - M2.cnv",36.7128333333333,-122.304,"Oct 29 2025 10:29:11",2025-10-29 10:29:11,10
"214","20252910-M2-030m-1","Deep Chl max","10.29.2025",NA,"stationary",NA,NA,"eDNA","water","M2","marine","3","active","0.22","1",NA,NA,"Sterivex",4,"Fall2025",36.713,-122.304,"3",3,"October",1.985,2,15.9509,15.9514,4.20488,4.202094,33.391,33.3653,1.1855,0.03813,5.2256,92.62,227.79,0,"SynchroOSW - Fall 2025 - M2.cnv",36.7128333333333,-122.304,"Oct 29 2025 10:29:11",2025-10-29 10:29:11,3
"215","20252910-M2-030m-2","Deep Chl max","10.29.2025",NA,"stationary",NA,NA,"eDNA","water","M2","marine","3","active","0.22","2",NA,NA,"Sterivex",4,"Fall2025",36.713,-122.304,"3",3,"October",1.985,2,15.9509,15.9514,4.20488,4.202094,33.391,33.3653,1.1855,0.03813,5.2256,92.62,227.79,0,"SynchroOSW - Fall 2025 - M2.cnv",36.7128333333333,-122.304,"Oct 29 2025 10:29:11",2025-10-29 10:29:11,3
"216","20252910-M2-030m-3","Deep Chl max","10.29.2025",NA,"stationary",NA,NA,"eDNA","water","M2","marine","3","active","0.22","3",NA,NA,"Sterivex",4,"Fall2025",36.713,-122.304,"3",3,"October",1.985,2,15.9509,15.9514,4.20488,4.202094,33.391,33.3653,1.1855,0.03813,5.2256,92.62,227.79,0,"SynchroOSW - Fall 2025 - M2.cnv",36.7128333333333,-122.304,"Oct 29 2025 10:29:11",2025-10-29 10:29:11,3
"217","20252910-M2-300m-1",NA,"10.29.2025",NA,"stationary",NA,NA,"eDNA","water","M2","marine","300","active","0.22","1",NA,NA,"Sterivex",4,"Fall2025",36.713,-122.304,"300",300,"October",1.985,2,15.9509,15.9514,4.20488,4.202094,33.391,33.3653,1.1855,0.03813,5.2256,92.62,227.79,0,"SynchroOSW - Fall 2025 - M2.cnv",36.7128333333333,-122.304,"Oct 29 2025 10:29:11",2025-10-29 10:29:11,300
"218","20252910-M2-300m-2",NA,"10.29.2025",NA,"stationary",NA,NA,"eDNA","water","M2","marine","300","active","0.22","2",NA,NA,"Sterivex",4,"Fall2025",36.713,-122.304,"300",300,"October",1.985,2,15.9509,15.9514,4.20488,4.202094,33.391,33.3653,1.1855,0.03813,5.2256,92.62,227.79,0,"SynchroOSW - Fall 2025 - M2.cnv",36.7128333333333,-122.304,"Oct 29 2025 10:29:11",2025-10-29 10:29:11,300
"219","20252910-M2-300m-3",NA,"10.29.2025",NA,"stationary",NA,NA,"eDNA","water","M2","marine","300","active","0.22","3",NA,NA,"Sterivex",4,"Fall2025",36.713,-122.304,"300",300,"October",1.985,2,15.9509,15.9514,4.20488,4.202094,33.391,33.3653,1.1855,0.03813,5.2256,92.62,227.79,0,"SynchroOSW - Fall 2025 - M2.cnv",36.7128333333333,-122.304,"Oct 29 2025 10:29:11",2025-10-29 10:29:11,300
"220","20250414-ESBf200a",NA,"04.14.2025",NA,NA,NA,NA,"blank",NA,"ELKHORN SLOUGH","estuary","0","active","0.22","1","0",NA,"disk",2,"Spring2025",36.8105,-121.7827,"0",NA,"April",NA,NA,NA,NA,NA,NA,NA,NA,NA,NA,NA,NA,NA,NA,NA,NA,NA,NA,NA,NA
"221","20250414-ESBf200b",NA,"04.14.2025",NA,NA,NA,NA,"blank",NA,"ELKHORN SLOUGH","estuary","0","active","0.22","2","0",NA,"disk",2,"Spring2025",36.8105,-121.7827,"0",NA,"April",NA,NA,NA,NA,NA,NA,NA,NA,NA,NA,NA,NA,NA,NA,NA,NA,NA,NA,NA,NA
"222","20250414-ESe16a",NA,"04.14.2025",NA,"stationary",NA,NA,"eDNA","water","ELKHORN SLOUGH","estuary","0","passive","20","1","0",NA,"Sterivex",2,"Spring2025",36.8105,-121.7827,"0",0,"April",NA,NA,NA,NA,NA,NA,NA,NA,NA,NA,NA,NA,NA,NA,NA,NA,NA,NA,NA,0
"223","20250414-ESe16b",NA,"04.14.2025",NA,"stationary",NA,NA,"eDNA","water","ELKHORN SLOUGH","estuary","0","passive","20","2","0",NA,"Sterivex",2,"Spring2025",36.8105,-121.7827,"0",0,"April",NA,NA,NA,NA,NA,NA,NA,NA,NA,NA,NA,NA,NA,NA,NA,NA,NA,NA,NA,0
"224","20250414-ESe17a",NA,"04.14.2025",NA,"stationary",NA,NA,"eDNA","water","ELKHORN SLOUGH","estuary","0","passive","20","1","0",NA,"Sterivex",2,"Spring2025",36.8105,-121.7827,"0",0,"April",NA,NA,NA,NA,NA,NA,NA,NA,NA,NA,NA,NA,NA,NA,NA,NA,NA,NA,NA,0
"225","20250414-ESe17b",NA,"04.14.2025",NA,"stationary",NA,NA,"eDNA","water","ELKHORN SLOUGH","estuary","0","passive","20","2","0",NA,"Sterivex",2,"Spring2025",36.8105,-121.7827,"0",0,"April",NA,NA,NA,NA,NA,NA,NA,NA,NA,NA,NA,NA,NA,NA,NA,NA,NA,NA,NA,0
"226","20250414-ESe18a",NA,"04.14.2025",NA,"stationary",NA,NA,"eDNA","water","ELKHORN SLOUGH","estuary","0","active","0.22","1","19",NA,"Sterivex",2,"Spring2025",36.8105,-121.7827,"0",0,"April",NA,NA,NA,NA,NA,NA,NA,NA,NA,NA,NA,NA,NA,NA,NA,NA,NA,NA,NA,0
"227","20250414-ESe18b",NA,"04.14.2025",NA,"stationary",NA,NA,"eDNA","water","ELKHORN SLOUGH","estuary","0","active","0.22","2","19",NA,"Sterivex",2,"Spring2025",36.8105,-121.7827,"0",0,"April",NA,NA,NA,NA,NA,NA,NA,NA,NA,NA,NA,NA,NA,NA,NA,NA,NA,NA,NA,0
"228","20250414-ESe18c",NA,"04.14.2025",NA,"stationary",NA,NA,"eDNA","water","ELKHORN SLOUGH","estuary","0","active","0.22","3","19",NA,"Sterivex",2,"Spring2025",36.8105,-121.7827,"0",0,"April",NA,NA,NA,NA,NA,NA,NA,NA,NA,NA,NA,NA,NA,NA,NA,NA,NA,NA,NA,0
"229","20250414-ESe19a",NA,"04.14.2025",NA,"stationary",NA,NA,"eDNA","water","ELKHORN SLOUGH","estuary","0","active","0.22","1","19",NA,"Sterivex",2,"Spring2025",36.8105,-121.7827,"0",0,"April",NA,NA,NA,NA,NA,NA,NA,NA,NA,NA,NA,NA,NA,NA,NA,NA,NA,NA,NA,0
"230","20250414-ESe19b",NA,"04.14.2025",NA,"stationary",NA,NA,"eDNA","water","ELKHORN SLOUGH","estuary","0","active","0.22","2","20",NA,"Sterivex",2,"Spring2025",36.8105,-121.7827,"0",0,"April",NA,NA,NA,NA,NA,NA,NA,NA,NA,NA,NA,NA,NA,NA,NA,NA,NA,NA,NA,0
"231","20250414-ESe19c",NA,"04.14.2025",NA,"stationary",NA,NA,"eDNA","water","ELKHORN SLOUGH","estuary","0","active","0.22","3","20",NA,"Sterivex",2,"Spring2025",36.8105,-121.7827,"0",0,"April",NA,NA,NA,NA,NA,NA,NA,NA,NA,NA,NA,NA,NA,NA,NA,NA,NA,NA,NA,0
"232","20250414-ESe19c",NA,"04.14.2025",NA,"stationary",NA,NA,"eDNA","water","ELKHORN SLOUGH","estuary","0","active","0.22","1","20",NA,"Sterivex",2,"Spring2025",36.8105,-121.7827,"0",0,"April",NA,NA,NA,NA,NA,NA,NA,NA,NA,NA,NA,NA,NA,NA,NA,NA,NA,NA,NA,0
"233","20250414-ESe20a",NA,"04.14.2025",NA,"stationary",NA,NA,"eDNA","water","ELKHORN SLOUGH","estuary","0","active","0.22","2","21",NA,"Sterivex",2,"Spring2025",36.8105,-121.7827,"0",0,"April",NA,NA,NA,NA,NA,NA,NA,NA,NA,NA,NA,NA,NA,NA,NA,NA,NA,NA,NA,0
"234","20250414-ESe20b",NA,"04.14.2025",NA,"stationary",NA,NA,"eDNA","water","ELKHORN SLOUGH","estuary","0","active","0.22","3","21",NA,"Sterivex",2,"Spring2025",36.8105,-121.7827,"0",0,"April",NA,NA,NA,NA,NA,NA,NA,NA,NA,NA,NA,NA,NA,NA,NA,NA,NA,NA,NA,0
"235","20250414-ESe20c",NA,"04.14.2025",NA,"stationary",NA,NA,"eDNA","water","ELKHORN SLOUGH","estuary","0","active","0.22","1","21",NA,"Sterivex",2,"Spring2025",36.8105,-121.7827,"0",0,"April",NA,NA,NA,NA,NA,NA,NA,NA,NA,NA,NA,NA,NA,NA,NA,NA,NA,NA,NA,0
"236","250414-ESe-21a",NA,"04.14.2025",NA,"stationary",NA,NA,"eDNA","water","ELKHORN SLOUGH","estuary","0","active","0.22","2","22",NA,"Sterivex",2,"Spring2025",36.8105,-121.7827,"0",0,"April",NA,NA,NA,NA,NA,NA,NA,NA,NA,NA,NA,NA,NA,NA,NA,NA,NA,NA,NA,0
"237","250414-ESe-21b",NA,"04.14.2025",NA,"stationary",NA,NA,"eDNA","water","ELKHORN SLOUGH","estuary","0","active","0.22","3","22",NA,"Sterivex",2,"Spring2025",36.8105,-121.7827,"0",0,"April",NA,NA,NA,NA,NA,NA,NA,NA,NA,NA,NA,NA,NA,NA,NA,NA,NA,NA,NA,0
"238","250414-ESe-21c",NA,"04.14.2025",NA,"stationary",NA,NA,"eDNA","water","ELKHORN SLOUGH","estuary","0","active","0.22","1","22",NA,"Sterivex",2,"Spring2025",36.8105,-121.7827,"0",0,"April",NA,NA,NA,NA,NA,NA,NA,NA,NA,NA,NA,NA,NA,NA,NA,NA,NA,NA,NA,0
"239","20250417-M1-010M-1","Label is different (preprinted)","04.17.2025",NA,"stationary",NA,NA,"eDNA","water","M1","marine","10","active","0.22","1",NA,10,"Sterivex",2,"Spring2025",36.74166667,-122.0268333,"10",10,"April",1.985,2,12.4903,12.4914,3.780827,3.781148,32.4457,32.4432,-0.1383,0.091885,6.3471,104.274,276.677,0,"SynchroOSW - Spring2025 - CTD - M1.cnv",36.7416666666667,-122.026833333333,"Apr 17 2025 15:32:30",2025-04-17 15:32:30,10
"240","20250417-M1-010M-2","Label is different (preprinted)","04.17.2025",NA,"stationary",NA,NA,"eDNA","water","M1","marine","10","active","0.22","2",NA,11,"Sterivex",2,"Spring2025",36.74166667,-122.0268333,"10",10,"April",1.985,2,12.4903,12.4914,3.780827,3.781148,32.4457,32.4432,-0.1383,0.091885,6.3471,104.274,276.677,0,"SynchroOSW - Spring2025 - CTD - M1.cnv",36.7416666666667,-122.026833333333,"Apr 17 2025 15:32:30",2025-04-17 15:32:30,10
"241","20250417-M1-010M-3","Label is different (preprinted)","04.17.2025",NA,"stationary",NA,NA,"eDNA","water","M1","marine","10","active","0.22","3",NA,12,"Sterivex",2,"Spring2025",36.74166667,-122.0268333,"10",10,"April",1.985,2,12.4903,12.4914,3.780827,3.781148,32.4457,32.4432,-0.1383,0.091885,6.3471,104.274,276.677,0,"SynchroOSW - Spring2025 - CTD - M1.cnv",36.7416666666667,-122.026833333333,"Apr 17 2025 15:32:30",2025-04-17 15:32:30,10
"242","20250417-M1-12-5M-1","Deep Chl max","04.17.2025",NA,"stationary",NA,NA,"eDNA","water","M1","marine","12.5","active","0.22","1",NA,7,"Sterivex",2,"Spring2025",36.74166667,-122.0268333,"12.5",12.5,"April",1.985,2,12.4903,12.4914,3.780827,3.781148,32.4457,32.4432,-0.1383,0.091885,6.3471,104.274,276.677,0,"SynchroOSW - Spring2025 - CTD - M1.cnv",36.7416666666667,-122.026833333333,"Apr 17 2025 15:32:30",2025-04-17 15:32:30,12.5
"243","20250417-M1-150m-2-HW","Deep Chl max, wrong label 20250417-M1-150m-2-HW double sample","04.17.2025",NA,"stationary",NA,NA,"eDNA","water","M1","marine","12.5","active","0.22","1",NA,7,"Sterivex",2,"Spring2025",36.74166667,-122.0268333,"12.5",12.5,"April",1.985,2,12.4903,12.4914,3.780827,3.781148,32.4457,32.4432,-0.1383,0.091885,6.3471,104.274,276.677,0,"SynchroOSW - Spring2025 - CTD - M1.cnv",36.7416666666667,-122.026833333333,"Apr 17 2025 15:32:30",2025-04-17 15:32:30,12.5
"244","20250417-M1-12-5M-3","Deep Chl max","04.17.2025",NA,"stationary",NA,NA,"eDNA","water","M1","marine","12.5","active","0.22","3",NA,9,"Sterivex",2,"Spring2025",36.74166667,-122.0268333,"12.5",12.5,"April",1.985,2,12.4903,12.4914,3.780827,3.781148,32.4457,32.4432,-0.1383,0.091885,6.3471,104.274,276.677,0,"SynchroOSW - Spring2025 - CTD - M1.cnv",36.7416666666667,-122.026833333333,"Apr 17 2025 15:32:30",2025-04-17 15:32:30,12.5
"245","20250417-M1-150m-1",NA,"04.17.2025",NA,"stationary",NA,NA,"eDNA","water","M1","marine","150","active","0.22","1",NA,4,"Sterivex",2,"Spring2025",36.74166667,-122.0268333,"150",150,"April",1.985,2,12.4903,12.4914,3.780827,3.781148,32.4457,32.4432,-0.1383,0.091885,6.3471,104.274,276.677,0,"SynchroOSW - Spring2025 - CTD - M1.cnv",36.7416666666667,-122.026833333333,"Apr 17 2025 15:32:30",2025-04-17 15:32:30,150
"246","20250417-M1-150m-2",NA,"04.17.2025",NA,"stationary",NA,NA,"eDNA","water","M1","marine","150","active","0.22","2",NA,5,"Sterivex",2,"Spring2025",36.74166667,-122.0268333,"150",150,"April",1.985,2,12.4903,12.4914,3.780827,3.781148,32.4457,32.4432,-0.1383,0.091885,6.3471,104.274,276.677,0,"SynchroOSW - Spring2025 - CTD - M1.cnv",36.7416666666667,-122.026833333333,"Apr 17 2025 15:32:30",2025-04-17 15:32:30,150
"247","20250417-M1-150m-3",NA,"04.17.2025",NA,"stationary",NA,NA,"eDNA","water","M1","marine","150","active","0.22","3",NA,6,"Sterivex",2,"Spring2025",36.74166667,-122.0268333,"150",150,"April",1.985,2,12.4903,12.4914,3.780827,3.781148,32.4457,32.4432,-0.1383,0.091885,6.3471,104.274,276.677,0,"SynchroOSW - Spring2025 - CTD - M1.cnv",36.7416666666667,-122.026833333333,"Apr 17 2025 15:32:30",2025-04-17 15:32:30,150
"248","20250417-M1-300m-1",NA,"04.17.2025",NA,"stationary",NA,NA,"eDNA","water","M1","marine","300","active","0.22","1",NA,1,"Sterivex",2,"Spring2025",36.74166667,-122.0268333,"300",300,"April",1.985,2,12.4903,12.4914,3.780827,3.781148,32.4457,32.4432,-0.1383,0.091885,6.3471,104.274,276.677,0,"SynchroOSW - Spring2025 - CTD - M1.cnv",36.7416666666667,-122.026833333333,"Apr 17 2025 15:32:30",2025-04-17 15:32:30,300
"249","20250417-M1-300m-2",NA,"04.17.2025",NA,"stationary",NA,NA,"eDNA","water","M1","marine","300","active","0.22","2",NA,2,"Sterivex",2,"Spring2025",36.74166667,-122.0268333,"300",300,"April",1.985,2,12.4903,12.4914,3.780827,3.781148,32.4457,32.4432,-0.1383,0.091885,6.3471,104.274,276.677,0,"SynchroOSW - Spring2025 - CTD - M1.cnv",36.7416666666667,-122.026833333333,"Apr 17 2025 15:32:30",2025-04-17 15:32:30,300
"250","20250417-M1-300m-3",NA,"04.17.2025",NA,"stationary",NA,NA,"eDNA","water","M1","marine","300","active","0.22","3",NA,3,"Sterivex",2,"Spring2025",36.74166667,-122.0268333,"300",300,"April",1.985,2,12.4903,12.4914,3.780827,3.781148,32.4457,32.4432,-0.1383,0.091885,6.3471,104.274,276.677,0,"SynchroOSW - Spring2025 - CTD - M1.cnv",36.7416666666667,-122.026833333333,"Apr 17 2025 15:32:30",2025-04-17 15:32:30,300
"251","20250417-M1-air-1",NA,"04.17.2025",NA,"stationary","OSWS","M1","eDNA","air","M1","marine","0","passive","0.22","1",NA,NA,"disk",2,"Spring2025",36.74166667,-122.0268333,"0",NA,"April",1.985,NA,NA,NA,NA,NA,NA,NA,NA,NA,NA,NA,NA,NA,NA,36.7416666666667,-122.026833333333,NA,NA,NA
"252","20250417-M1-air-2",NA,"04.17.2025",NA,"stationary","OSWS","M1","eDNA","air","M1","marine","0","passive","0.22","2",NA,NA,"disk",2,"Spring2025",36.74166667,-122.0268333,"0",NA,"April",1.985,NA,NA,NA,NA,NA,NA,NA,NA,NA,NA,NA,NA,NA,NA,36.7416666666667,-122.026833333333,NA,NA,NA
"253","20250417-M1-air-3",NA,"04.17.2025",NA,"stationary","OSWS","M1","eDNA","air","M1","marine","0","passive","0.22","3",NA,NA,"disk",2,"Spring2025",36.74166667,-122.0268333,"0",NA,"April",1.985,NA,NA,NA,NA,NA,NA,NA,NA,NA,NA,NA,NA,NA,NA,36.7416666666667,-122.026833333333,NA,NA,NA
"254","20250417-M1-air-st-A",NA,"04.17.2025",NA,"stationary","M1","M1","eDNA","air","M1","marine","0","passive","0.22","1",NA,NA,"disk",2,"Spring2025",36.74166667,-122.0268333,"0",NA,"April",1.985,NA,NA,NA,NA,NA,NA,NA,NA,NA,NA,NA,NA,NA,NA,36.7416666666667,-122.026833333333,NA,NA,NA
"255","20250417-M1-air-st-B",NA,"04.17.2025",NA,"stationary","M1","M1","eDNA","air","M1","marine","0","passive","0.22","2",NA,NA,"disk",2,"Spring2025",36.74166667,-122.0268333,"0",NA,"April",1.985,NA,NA,NA,NA,NA,NA,NA,NA,NA,NA,NA,NA,NA,NA,36.7416666666667,-122.026833333333,NA,NA,NA
"256","20250417-M1-air-st-C",NA,"04.17.2025",NA,"stationary","M1","M1","eDNA","air","M1","marine","0","passive","0.22","3",NA,NA,"disk",2,"Spring2025",36.74166667,-122.0268333,"0",NA,"April",1.985,NA,NA,NA,NA,NA,NA,NA,NA,NA,NA,NA,NA,NA,NA,36.7416666666667,-122.026833333333,NA,NA,NA
"257","20250417-M1-Blnk","MolGrad H20","04.17.2025",NA,NA,NA,NA,"blank",NA,"M1","marine","0","active","0.22",NA,NA,NA,"Sterivex",2,"Spring2025",36.74166667,-122.0268333,"0",NA,"April",1.985,NA,NA,NA,NA,NA,NA,NA,NA,NA,NA,NA,NA,NA,NA,36.7416666666667,-122.026833333333,NA,NA,NA
"258","20250417-M1-torp-1",NA,"04.17.2025",NA,"transition",NA,NA,"eDNA","water","M1","marine","0","passive","20","1",NA,NA,"disk",2,"Spring2025",36.74166667,-122.0268333,"0",0,"April",1.985,2,12.4903,12.4914,3.780827,3.781148,32.4457,32.4432,-0.1383,0.091885,6.3471,104.274,276.677,0,"SynchroOSW - Spring2025 - CTD - M1.cnv",36.7416666666667,-122.026833333333,"Apr 17 2025 15:32:30",2025-04-17 15:32:30,0
"259","20250417-M1-torp-2",NA,"04.17.2025",NA,"transition",NA,NA,"eDNA","water","M1","marine","0","passive","20","2",NA,NA,"disk",2,"Spring2025",36.74166667,-122.0268333,"0",0,"April",1.985,2,12.4903,12.4914,3.780827,3.781148,32.4457,32.4432,-0.1383,0.091885,6.3471,104.274,276.677,0,"SynchroOSW - Spring2025 - CTD - M1.cnv",36.7416666666667,-122.026833333333,"Apr 17 2025 15:32:30",2025-04-17 15:32:30,0
"260","20250418-Mars-torp-test","Testing torp with Iron","04.18.2025",NA,"transition",NA,NA,"eDNA","water","MARS","marine","0","passive","20","2",NA,NA,"disk",2,"Spring2025",36.743,-122.1068333,"0",0,"April",1.985,2,12.8605,12.8548,3.792083,3.792609,32.2355,32.2403,-0.9373,0.1035,6.3669,105.272,277.607,0,"SynchroOSW - Spring2025 - CTD - MARS.cnv",36.743,-122.106833333333,"Apr 17 2025 09:41:14",2025-04-17 09:41:14,0
"261","20250417-MARS-010m-1",NA,"04.17.2025",NA,"stationary",NA,NA,"eDNA","water","MARS","marine","10","active","0.22","1",NA,10,"Sterivex",2,"Spring2025",36.743,-122.1068333,"10",10,"April",1.985,2,12.8605,12.8548,3.792083,3.792609,32.2355,32.2403,-0.9373,0.1035,6.3669,105.272,277.607,0,"SynchroOSW - Spring2025 - CTD - MARS.cnv",36.743,-122.106833333333,"Apr 17 2025 09:41:14",2025-04-17 09:41:14,10
"262","20250417-MARS-010m-2",NA,"04.17.2025",NA,"stationary",NA,NA,"eDNA","water","MARS","marine","10","active","0.22","2",NA,11,"Sterivex",2,"Spring2025",36.743,-122.1068333,"10",10,"April",1.985,2,12.8605,12.8548,3.792083,3.792609,32.2355,32.2403,-0.9373,0.1035,6.3669,105.272,277.607,0,"SynchroOSW - Spring2025 - CTD - MARS.cnv",36.743,-122.106833333333,"Apr 17 2025 09:41:14",2025-04-17 09:41:14,10
"263","20250417-MARS-010m-3",NA,"04.17.2025",NA,"stationary",NA,NA,"eDNA","water","MARS","marine","10","active","0.22","3",NA,12,"Sterivex",2,"Spring2025",36.743,-122.1068333,"10",10,"April",1.985,2,12.8605,12.8548,3.792083,3.792609,32.2355,32.2403,-0.9373,0.1035,6.3669,105.272,277.607,0,"SynchroOSW - Spring2025 - CTD - MARS.cnv",36.743,-122.106833333333,"Apr 17 2025 09:41:14",2025-04-17 09:41:14,10
"264","20250417-MARS-011m-1","Deep Chl max","04.17.2025",NA,"stationary",NA,NA,"eDNA","water","MARS","marine","11","active","0.22","1",NA,7,"Sterivex",2,"Spring2025",36.743,-122.1068333,"11",11,"April",1.985,2,12.8605,12.8548,3.792083,3.792609,32.2355,32.2403,-0.9373,0.1035,6.3669,105.272,277.607,0,"SynchroOSW - Spring2025 - CTD - MARS.cnv",36.743,-122.106833333333,"Apr 17 2025 09:41:14",2025-04-17 09:41:14,11
"265","20250417-MARS-011m-2","Deep Chl max","04.17.2025",NA,"stationary",NA,NA,"eDNA","water","MARS","marine","11","active","0.22","2",NA,8,"Sterivex",2,"Spring2025",36.743,-122.1068333,"11",11,"April",1.985,2,12.8605,12.8548,3.792083,3.792609,32.2355,32.2403,-0.9373,0.1035,6.3669,105.272,277.607,0,"SynchroOSW - Spring2025 - CTD - MARS.cnv",36.743,-122.106833333333,"Apr 17 2025 09:41:14",2025-04-17 09:41:14,11
"266","20250417-MARS-011m-3","Deep Chl max","04.17.2025",NA,"stationary",NA,NA,"eDNA","water","MARS","marine","11","active","0.22","3",NA,9,"Sterivex",2,"Spring2025",36.743,-122.1068333,"11",11,"April",1.985,2,12.8605,12.8548,3.792083,3.792609,32.2355,32.2403,-0.9373,0.1035,6.3669,105.272,277.607,0,"SynchroOSW - Spring2025 - CTD - MARS.cnv",36.743,-122.106833333333,"Apr 17 2025 09:41:14",2025-04-17 09:41:14,11
"267","20250417-MARS-150m-1",NA,"04.17.2025",NA,"stationary",NA,NA,"eDNA","water","MARS","marine","150","active","0.22","1",NA,4,"Sterivex",2,"Spring2025",36.743,-122.1068333,"150",150,"April",1.985,2,12.8605,12.8548,3.792083,3.792609,32.2355,32.2403,-0.9373,0.1035,6.3669,105.272,277.607,0,"SynchroOSW - Spring2025 - CTD - MARS.cnv",36.743,-122.106833333333,"Apr 17 2025 09:41:14",2025-04-17 09:41:14,150
"268","20250417-MARS-150m-2",NA,"04.17.2025",NA,"stationary",NA,NA,"eDNA","water","MARS","marine","150","active","0.22","2",NA,5,"Sterivex",2,"Spring2025",36.743,-122.1068333,"150",150,"April",1.985,2,12.8605,12.8548,3.792083,3.792609,32.2355,32.2403,-0.9373,0.1035,6.3669,105.272,277.607,0,"SynchroOSW - Spring2025 - CTD - MARS.cnv",36.743,-122.106833333333,"Apr 17 2025 09:41:14",2025-04-17 09:41:14,150
"269","20250417-MARS-150m-3",NA,"04.17.2025",NA,"stationary",NA,NA,"eDNA","water","MARS","marine","150","active","0.22","3",NA,6,"Sterivex",2,"Spring2025",36.743,-122.1068333,"150",150,"April",1.985,2,12.8605,12.8548,3.792083,3.792609,32.2355,32.2403,-0.9373,0.1035,6.3669,105.272,277.607,0,"SynchroOSW - Spring2025 - CTD - MARS.cnv",36.743,-122.106833333333,"Apr 17 2025 09:41:14",2025-04-17 09:41:14,150
"270","20250417-MARS-300m-1",NA,"04.17.2025",NA,"stationary",NA,NA,"eDNA","water","MARS","marine","300","active","0.22","1",NA,1,"Sterivex",2,"Spring2025",36.743,-122.1068333,"300",300,"April",1.985,2,12.8605,12.8548,3.792083,3.792609,32.2355,32.2403,-0.9373,0.1035,6.3669,105.272,277.607,0,"SynchroOSW - Spring2025 - CTD - MARS.cnv",36.743,-122.106833333333,"Apr 17 2025 09:41:14",2025-04-17 09:41:14,300
"271","20250417-MARS-300m-2",NA,"04.17.2025",NA,"stationary",NA,NA,"eDNA","water","MARS","marine","300","active","0.22","2",NA,2,"Sterivex",2,"Spring2025",36.743,-122.1068333,"300",300,"April",1.985,2,12.8605,12.8548,3.792083,3.792609,32.2355,32.2403,-0.9373,0.1035,6.3669,105.272,277.607,0,"SynchroOSW - Spring2025 - CTD - MARS.cnv",36.743,-122.106833333333,"Apr 17 2025 09:41:14",2025-04-17 09:41:14,300
"272","20250417-MARS-300m-3",NA,"04.17.2025",NA,"stationary",NA,NA,"eDNA","water","MARS","marine","300","active","0.22","3",NA,3,"Sterivex",2,"Spring2025",36.743,-122.1068333,"300",300,"April",1.985,2,12.8605,12.8548,3.792083,3.792609,32.2355,32.2403,-0.9373,0.1035,6.3669,105.272,277.607,0,"SynchroOSW - Spring2025 - CTD - MARS.cnv",36.743,-122.106833333333,"Apr 17 2025 09:41:14",2025-04-17 09:41:14,300
"273","20250417-MARS-Blnk","MolGrad H20","04.17.2025",NA,NA,NA,NA,"blank",NA,"MARS","marine","0","active","0.22",NA,NA,NA,"Sterivex",2,"Spring2025",36.743,-122.1068333,"0",NA,"April",1.985,NA,NA,NA,NA,NA,NA,NA,NA,NA,NA,NA,NA,NA,NA,36.743,-122.106833333333,NA,NA,NA
"274","20250417-MARS-torp-A",NA,"04.17.2025",09:40:00,"transition",NA,NA,"eDNA","water","MARS","marine","0","passive","20","A","5",NA,"disk",2,"Spring2025",36.743,-122.1068333,"0",0,"April",1.985,2,12.8605,12.8548,3.792083,3.792609,32.2355,32.2403,-0.9373,0.1035,6.3669,105.272,277.607,0,"SynchroOSW - Spring2025 - CTD - MARS.cnv",36.743,-122.106833333333,"Apr 17 2025 09:41:14",2025-04-17 09:41:14,0
"275","20250417-MARS-torp-B",NA,"04.17.2025",09:40:00,"transition",NA,NA,"eDNA","water","MARS","marine","0","passive","20","B","5",NA,"disk",2,"Spring2025",36.743,-122.1068333,"0",0,"April",1.985,2,12.8605,12.8548,3.792083,3.792609,32.2355,32.2403,-0.9373,0.1035,6.3669,105.272,277.607,0,"SynchroOSW - Spring2025 - CTD - MARS.cnv",36.743,-122.106833333333,"Apr 17 2025 09:41:14",2025-04-17 09:41:14,0
"276","20250417-OSWS-010m-1",NA,"04.17.2025",NA,"stationary",NA,NA,"eDNA","water","OSWS","marine","10","active","0.22","1",NA,10,"Sterivex",2,"Spring2025",36.6775,-122.5351667,"10",10,"April",1.985,2,13.5681,13.5581,3.947846,3.94892,33.1046,33.1054,-0.5111,0.08772,6.6169,111.615,288.355,0,"SynchroOSW - Spring2025 - CTD - Synchro1.cnv",36.6775,-122.535166666667,"Apr 17 2025 12:40:42",2025-04-17 12:40:42,10
"277","20250417-OSWS-010m-2",NA,"04.17.2025",NA,"stationary",NA,NA,"eDNA","water","OSWS","marine","10","active","0.22","2",NA,11,"Sterivex",2,"Spring2025",36.6775,-122.5351667,"10",10,"April",1.985,2,13.5681,13.5581,3.947846,3.94892,33.1046,33.1054,-0.5111,0.08772,6.6169,111.615,288.355,0,"SynchroOSW - Spring2025 - CTD - Synchro1.cnv",36.6775,-122.535166666667,"Apr 17 2025 12:40:42",2025-04-17 12:40:42,10
"278","20250417-OSWS-010m-3",NA,"04.17.2025",NA,"stationary",NA,NA,"eDNA","water","OSWS","marine","10","active",NA,"3",NA,12,"Sterivex",2,"Spring2025",36.6775,-122.5351667,"10",10,"April",1.985,2,13.5681,13.5581,3.947846,3.94892,33.1046,33.1054,-0.5111,0.08772,6.6169,111.615,288.355,0,"SynchroOSW - Spring2025 - CTD - Synchro1.cnv",36.6775,-122.535166666667,"Apr 17 2025 12:40:42",2025-04-17 12:40:42,10
"279","20250417-OSWS-017m-1","Deep Chl max","04.17.2025",NA,"stationary",NA,NA,"eDNA","water","OSWS","marine","17","active","0.22","1",NA,7,"Sterivex",2,"Spring2025",36.6775,-122.5351667,"17",17,"April",1.985,2,13.5681,13.5581,3.947846,3.94892,33.1046,33.1054,-0.5111,0.08772,6.6169,111.615,288.355,0,"SynchroOSW - Spring2025 - CTD - Synchro1.cnv",36.6775,-122.535166666667,"Apr 17 2025 12:40:42",2025-04-17 12:40:42,17
"280","20250417-OSWS-017m-2","Deep Chl max","04.17.2025",NA,"stationary",NA,NA,"eDNA","water","OSWS","marine","17","active","0.22","2",NA,8,"Sterivex",2,"Spring2025",36.6775,-122.5351667,"17",17,"April",1.985,2,13.5681,13.5581,3.947846,3.94892,33.1046,33.1054,-0.5111,0.08772,6.6169,111.615,288.355,0,"SynchroOSW - Spring2025 - CTD - Synchro1.cnv",36.6775,-122.535166666667,"Apr 17 2025 12:40:42",2025-04-17 12:40:42,17
"281","20250417-OSWS-017m-3","Deep Chl max","04.17.2025",NA,"stationary",NA,NA,"eDNA","water","OSWS","marine","17","active","0.22","3",NA,9,"Sterivex",2,"Spring2025",36.6775,-122.5351667,"17",17,"April",1.985,2,13.5681,13.5581,3.947846,3.94892,33.1046,33.1054,-0.5111,0.08772,6.6169,111.615,288.355,0,"SynchroOSW - Spring2025 - CTD - Synchro1.cnv",36.6775,-122.535166666667,"Apr 17 2025 12:40:42",2025-04-17 12:40:42,17
"282","20250417-OSWS-150m-1",NA,"04.17.2025",NA,"stationary",NA,NA,"eDNA","water","OSWS","marine","150","active","0.22","1",NA,4,"Sterivex",2,"Spring2025",36.6775,-122.5351667,"150",150,"April",1.985,2,13.5681,13.5581,3.947846,3.94892,33.1046,33.1054,-0.5111,0.08772,6.6169,111.615,288.355,0,"SynchroOSW - Spring2025 - CTD - Synchro1.cnv",36.6775,-122.535166666667,"Apr 17 2025 12:40:42",2025-04-17 12:40:42,150
"283","20250417-OSWS-150m-2",NA,"04.17.2025",NA,"stationary",NA,NA,"eDNA","water","OSWS","marine","150","active","0.22","2",NA,5,"Sterivex",2,"Spring2025",36.6775,-122.5351667,"150",150,"April",1.985,2,13.5681,13.5581,3.947846,3.94892,33.1046,33.1054,-0.5111,0.08772,6.6169,111.615,288.355,0,"SynchroOSW - Spring2025 - CTD - Synchro1.cnv",36.6775,-122.535166666667,"Apr 17 2025 12:40:42",2025-04-17 12:40:42,150
"284","20250417-OSWS-150m-3",NA,"04.17.2025",NA,"stationary",NA,NA,"eDNA","water","OSWS","marine","150","active","0.22","3",NA,6,"Sterivex",2,"Spring2025",36.6775,-122.5351667,"150",150,"April",1.985,2,13.5681,13.5581,3.947846,3.94892,33.1046,33.1054,-0.5111,0.08772,6.6169,111.615,288.355,0,"SynchroOSW - Spring2025 - CTD - Synchro1.cnv",36.6775,-122.535166666667,"Apr 17 2025 12:40:42",2025-04-17 12:40:42,150
"285","20250417-OSWS-300m-1",NA,"04.17.2025",NA,"stationary",NA,NA,"eDNA","water","OSWS","marine","300","active","0.22","1",NA,1,"Sterivex",2,"Spring2025",36.6775,-122.5351667,"300",300,"April",1.985,2,13.5681,13.5581,3.947846,3.94892,33.1046,33.1054,-0.5111,0.08772,6.6169,111.615,288.355,0,"SynchroOSW - Spring2025 - CTD - Synchro1.cnv",36.6775,-122.535166666667,"Apr 17 2025 12:40:42",2025-04-17 12:40:42,300
"286","20250417-OSWS-300m-2",NA,"04.17.2025",NA,"stationary",NA,NA,"eDNA","water","OSWS","marine","300","active","0.22","2",NA,2,"Sterivex",2,"Spring2025",36.6775,-122.5351667,"300",300,"April",1.985,2,13.5681,13.5581,3.947846,3.94892,33.1046,33.1054,-0.5111,0.08772,6.6169,111.615,288.355,0,"SynchroOSW - Spring2025 - CTD - Synchro1.cnv",36.6775,-122.535166666667,"Apr 17 2025 12:40:42",2025-04-17 12:40:42,300
"287","20250417-OSWS-300m-3",NA,"04.17.2025",NA,"stationary",NA,NA,"eDNA","water","OSWS","marine","300","active","0.22","3",NA,3,"Sterivex",2,"Spring2025",36.6775,-122.5351667,"300",300,"April",1.985,2,13.5681,13.5581,3.947846,3.94892,33.1046,33.1054,-0.5111,0.08772,6.6169,111.615,288.355,0,"SynchroOSW - Spring2025 - CTD - Synchro1.cnv",36.6775,-122.535166666667,"Apr 17 2025 12:40:42",2025-04-17 12:40:42,300
"288","20250417-OSWS-air-1","MARS transit to OSWS, one filter torn","04.17.2025",NA,"stationary","MARS","OSWS","eDNA","air","OSWS","marine","0","passive","0.22","1",NA,NA,"disk",2,"Spring2025",36.6775,-122.5351667,"0",NA,"April",1.985,NA,NA,NA,NA,NA,NA,NA,NA,NA,NA,NA,NA,NA,NA,36.6775,-122.535166666667,NA,NA,NA
"289","20250417-OSWS-air-2","MARS transit to OSWS, one filter torn","04.17.2025",NA,"stationary","MARS","OSWS","eDNA","air","OSWS","marine","0","passive","0.22","2",NA,NA,"disk",2,"Spring2025",36.6775,-122.5351667,"0",NA,"April",1.985,NA,NA,NA,NA,NA,NA,NA,NA,NA,NA,NA,NA,NA,NA,36.6775,-122.535166666667,NA,NA,NA
"290","20250417-OSWS-air-3","MARS transit to OSWS, one filter torn","04.17.2025",NA,"stationary","MARS","OSWS","eDNA","air","OSWS","marine","0","passive","0.22","3",NA,NA,"disk",2,"Spring2025",36.6775,-122.5351667,"0",NA,"April",1.985,NA,NA,NA,NA,NA,NA,NA,NA,NA,NA,NA,NA,NA,NA,36.6775,-122.535166666667,NA,NA,NA
"291","20250417-OSWS-air-st-1",NA,"04.17.2025",NA,"stationary","OSWS","OSWS","eDNA","air","OSWS","marine","0","passive","0.22","1",NA,NA,"disk",2,"Spring2025",36.6775,-122.5351667,"0",NA,"April",1.985,NA,NA,NA,NA,NA,NA,NA,NA,NA,NA,NA,NA,NA,NA,36.6775,-122.535166666667,NA,NA,NA
"292","20250417-OSWS-air-st-2",NA,"04.17.2025",NA,"stationary","OSWS","OSWS","eDNA","air","OSWS","marine","0","passive","0.22","2",NA,NA,"disk",2,"Spring2025",36.6775,-122.5351667,"0",NA,"April",1.985,NA,NA,NA,NA,NA,NA,NA,NA,NA,NA,NA,NA,NA,NA,36.6775,-122.535166666667,NA,NA,NA
"293","20250417-OSWS-air-st-3",NA,"04.17.2025",NA,"stationary","OSWS","OSWS","eDNA","air","OSWS","marine","0","passive","0.22","3",NA,NA,"disk",2,"Spring2025",36.6775,-122.5351667,"0",NA,"April",1.985,NA,NA,NA,NA,NA,NA,NA,NA,NA,NA,NA,NA,NA,NA,36.6775,-122.535166666667,NA,NA,NA
"294","20250417-OSWS-Blnk","MolGrad H20","04.17.2025",13:20:00,NA,NA,NA,"blank",NA,"OSWS","marine","0","passive","20",NA,NA,NA,"Sterivex",2,"Spring2025",36.6775,-122.5351667,"0",NA,"April",1.985,NA,NA,NA,NA,NA,NA,NA,NA,NA,NA,NA,NA,NA,NA,36.6775,-122.535166666667,NA,NA,NA
"295","20250417-OSWS-torp-1",NA,"04.17.2025",NA,"transition",NA,NA,"eDNA","water","OSWS","marine","0","passive","20","1","3",NA,"disk",2,"Spring2025",36.6775,-122.5351667,"0",0,"April",1.985,2,13.5681,13.5581,3.947846,3.94892,33.1046,33.1054,-0.5111,0.08772,6.6169,111.615,288.355,0,"SynchroOSW - Spring2025 - CTD - Synchro1.cnv",36.6775,-122.535166666667,"Apr 17 2025 12:40:42",2025-04-17 12:40:42,0
"296","20250417-OSWS-torp-2",NA,"04.17.2025",NA,"transition",NA,NA,"eDNA","water","OSWS","marine","0","passive","20","2","3",NA,"disk",2,"Spring2025",36.6775,-122.5351667,"0",0,"April",1.985,2,13.5681,13.5581,3.947846,3.94892,33.1046,33.1054,-0.5111,0.08772,6.6169,111.615,288.355,0,"SynchroOSW - Spring2025 - CTD - Synchro1.cnv",36.6775,-122.535166666667,"Apr 17 2025 12:40:42",2025-04-17 12:40:42,0
"297","20250418-C1-010m-1","humpback surfaced","04.18.2025",NA,"stationary",NA,NA,"eDNA","water","C1","marine","10","active","0.22","1",NA,7,"Sterivex",2,"Spring2025",36.8045,-121.858,"10",10,"April",1.985,2,12.2249,12.2247,3.870358,3.870054,33.535,33.5317,0.065,0.39046,6.5897,108.402,287.004,0,"SynchroOSW - Spring2025 - CTD - C1.cnv",36.8045,-121.858,"Apr 18 2025 08:05:03",2025-04-18 08:05:03,10
"298","20250418-C1-010m-1b","back-up","04.18.2025",NA,"stationary",NA,NA,"eDNA","water","C1","marine","10","active","0.22","1",NA,7,"Sterivex",2,"Spring2025",36.8045,-121.858,"10",10,"April",1.985,2,12.2249,12.2247,3.870358,3.870054,33.535,33.5317,0.065,0.39046,6.5897,108.402,287.004,0,"SynchroOSW - Spring2025 - CTD - C1.cnv",36.8045,-121.858,"Apr 18 2025 08:05:03",2025-04-18 08:05:03,10
"299","20250418-C1-010m-2","humpback surfaced","04.18.2025",NA,"stationary",NA,NA,"eDNA","water","C1","marine","10","active","0.22","2",NA,8,"Sterivex",2,"Spring2025",36.8045,-121.858,"10",10,"April",1.985,2,12.2249,12.2247,3.870358,3.870054,33.535,33.5317,0.065,0.39046,6.5897,108.402,287.004,0,"SynchroOSW - Spring2025 - CTD - C1.cnv",36.8045,-121.858,"Apr 18 2025 08:05:03",2025-04-18 08:05:03,10
"300","20250418-C1-010m-2-2","humpback surfaced","04.18.2025",NA,"stationary",NA,NA,"eDNA","water","C1","marine","10","active",NA,"3",NA,9,"Sterivex",2,"Spring2025",36.8045,-121.858,"10",10,"April",1.985,2,12.2249,12.2247,3.870358,3.870054,33.535,33.5317,0.065,0.39046,6.5897,108.402,287.004,0,"SynchroOSW - Spring2025 - CTD - C1.cnv",36.8045,-121.858,"Apr 18 2025 08:05:03",2025-04-18 08:05:03,10
"301","20250418-C1-010m-2b","back-up","04.18.2025",NA,"stationary",NA,NA,"eDNA","water","C1","marine","10","active","0.22","2",NA,8,"Sterivex",2,"Spring2025",36.8045,-121.858,"10",10,"April",1.985,2,12.2249,12.2247,3.870358,3.870054,33.535,33.5317,0.065,0.39046,6.5897,108.402,287.004,0,"SynchroOSW - Spring2025 - CTD - C1.cnv",36.8045,-121.858,"Apr 18 2025 08:05:03",2025-04-18 08:05:03,10
"302","20250418-C1-010m-3b","back-up","04.18.2025",NA,"stationary",NA,NA,"eDNA","water","C1","marine","10","active",NA,"3",NA,9,"Sterivex",2,"Spring2025",36.8045,-121.858,"10",10,"April",1.985,2,12.2249,12.2247,3.870358,3.870054,33.535,33.5317,0.065,0.39046,6.5897,108.402,287.004,0,"SynchroOSW - Spring2025 - CTD - C1.cnv",36.8045,-121.858,"Apr 18 2025 08:05:03",2025-04-18 08:05:03,10
"303","20250418-C1-010m-4","in silica","04.18.2025",NA,"stationary",NA,NA,"eDNA","water","C1","marine","10","active","0.22","4",NA,10,"Sterivex",2,"Spring2025",36.8045,-121.858,"10",10,"April",1.985,2,12.2249,12.2247,3.870358,3.870054,33.535,33.5317,0.065,0.39046,6.5897,108.402,287.004,0,"SynchroOSW - Spring2025 - CTD - C1.cnv",36.8045,-121.858,"Apr 18 2025 08:05:03",2025-04-18 08:05:03,10
"304","20250418-C1-010m-4b","back-up","04.18.2025",NA,"stationary",NA,NA,"eDNA","water","C1","marine","10","active","0.22","4",NA,10,"Sterivex",2,"Spring2025",36.8045,-121.858,"10",10,"April",1.985,2,12.2249,12.2247,3.870358,3.870054,33.535,33.5317,0.065,0.39046,6.5897,108.402,287.004,0,"SynchroOSW - Spring2025 - CTD - C1.cnv",36.8045,-121.858,"Apr 18 2025 08:05:03",2025-04-18 08:05:03,10
"305","20250418-C1-010m-5","in silica","04.18.2025",NA,"stationary",NA,NA,"eDNA","water","C1","marine","10","active","0.22","5",NA,11,"Sterivex",2,"Spring2025",36.8045,-121.858,"10",10,"April",1.985,2,12.2249,12.2247,3.870358,3.870054,33.535,33.5317,0.065,0.39046,6.5897,108.402,287.004,0,"SynchroOSW - Spring2025 - CTD - C1.cnv",36.8045,-121.858,"Apr 18 2025 08:05:03",2025-04-18 08:05:03,10
"306","20250418-C1-010m-5b","back-up","04.18.2025",NA,"stationary",NA,NA,"eDNA","water","C1","marine","10","active","0.22","5",NA,11,"Sterivex",2,"Spring2025",36.8045,-121.858,"10",10,"April",1.985,2,12.2249,12.2247,3.870358,3.870054,33.535,33.5317,0.065,0.39046,6.5897,108.402,287.004,0,"SynchroOSW - Spring2025 - CTD - C1.cnv",36.8045,-121.858,"Apr 18 2025 08:05:03",2025-04-18 08:05:03,10
"307","20250418-C1-010m-6","in silica","04.18.2025",NA,"stationary",NA,NA,"eDNA","water","C1","marine","10","active","0.22","6",NA,12,"Sterivex",2,"Spring2025",36.8045,-121.858,"10",10,"April",1.985,2,12.2249,12.2247,3.870358,3.870054,33.535,33.5317,0.065,0.39046,6.5897,108.402,287.004,0,"SynchroOSW - Spring2025 - CTD - C1.cnv",36.8045,-121.858,"Apr 18 2025 08:05:03",2025-04-18 08:05:03,10
"308","20250418-C1-010m-6b","back-up","04.18.2025",NA,"stationary",NA,NA,"eDNA","water","C1","marine","10","active","0.22","6",NA,12,"Sterivex",2,"Spring2025",36.8045,-121.858,"10",10,"April",1.985,2,12.2249,12.2247,3.870358,3.870054,33.535,33.5317,0.065,0.39046,6.5897,108.402,287.004,0,"SynchroOSW - Spring2025 - CTD - C1.cnv",36.8045,-121.858,"Apr 18 2025 08:05:03",2025-04-18 08:05:03,10
"309","20250418-C1-017m-1","humpback surfaced","04.18.2025",NA,"stationary",NA,NA,"eDNA","water","C1","marine","17","active","0.22","1",NA,4,"Sterivex",2,"Spring2025",36.8045,-121.858,"17",17,"April",1.985,2,12.2249,12.2247,3.870358,3.870054,33.535,33.5317,0.065,0.39046,6.5897,108.402,287.004,0,"SynchroOSW - Spring2025 - CTD - C1.cnv",36.8045,-121.858,"Apr 18 2025 08:05:03",2025-04-18 08:05:03,17
"310","20250418-C1-017m-1b","back-up","04.18.2025",NA,"stationary",NA,NA,"eDNA","water","C1","marine","17","active","0.22","1",NA,4,"Sterivex",2,"Spring2025",36.8045,-121.858,"17",17,"April",1.985,2,12.2249,12.2247,3.870358,3.870054,33.535,33.5317,0.065,0.39046,6.5897,108.402,287.004,0,"SynchroOSW - Spring2025 - CTD - C1.cnv",36.8045,-121.858,"Apr 18 2025 08:05:03",2025-04-18 08:05:03,17
"311","20250418-C1-017m-2","humpback surfaced","04.18.2025",NA,"stationary",NA,NA,"eDNA","water","C1","marine","17","active","0.22","2",NA,5,"Sterivex",2,"Spring2025",36.8045,-121.858,"17",17,"April",1.985,2,12.2249,12.2247,3.870358,3.870054,33.535,33.5317,0.065,0.39046,6.5897,108.402,287.004,0,"SynchroOSW - Spring2025 - CTD - C1.cnv",36.8045,-121.858,"Apr 18 2025 08:05:03",2025-04-18 08:05:03,17
"312","20250418-C1-017m-2b","back-up","04.18.2025",NA,"stationary",NA,NA,"eDNA","water","C1","marine","17","active","0.22","2",NA,5,"Sterivex",2,"Spring2025",36.8045,-121.858,"17",17,"April",1.985,2,12.2249,12.2247,3.870358,3.870054,33.535,33.5317,0.065,0.39046,6.5897,108.402,287.004,0,"SynchroOSW - Spring2025 - CTD - C1.cnv",36.8045,-121.858,"Apr 18 2025 08:05:03",2025-04-18 08:05:03,17
"313","20250418-C1-017m-3","humpback surfaced","04.18.2025",NA,"stationary",NA,NA,"eDNA","water","C1","marine","17","active","0.22","3",NA,6,"Sterivex",2,"Spring2025",36.8045,-121.858,"17",17,"April",1.985,2,12.2249,12.2247,3.870358,3.870054,33.535,33.5317,0.065,0.39046,6.5897,108.402,287.004,0,"SynchroOSW - Spring2025 - CTD - C1.cnv",36.8045,-121.858,"Apr 18 2025 08:05:03",2025-04-18 08:05:03,17
"314","20250418-C1-017m-3b","back-up","04.18.2025",NA,"stationary",NA,NA,"eDNA","water","C1","marine","17","active","0.22","3",NA,6,"Sterivex",2,"Spring2025",36.8045,-121.858,"17",17,"April",1.985,2,12.2249,12.2247,3.870358,3.870054,33.535,33.5317,0.065,0.39046,6.5897,108.402,287.004,0,"SynchroOSW - Spring2025 - CTD - C1.cnv",36.8045,-121.858,"Apr 18 2025 08:05:03",2025-04-18 08:05:03,17
"315","20250418-C1-150m-1","humpback surfaced","04.18.2025",NA,"stationary",NA,NA,"eDNA","water","C1","marine","150","active","0.22","1",NA,1,"Sterivex",2,"Spring2025",36.8045,-121.858,"150",150,"April",1.985,2,12.2249,12.2247,3.870358,3.870054,33.535,33.5317,0.065,0.39046,6.5897,108.402,287.004,0,"SynchroOSW - Spring2025 - CTD - C1.cnv",36.8045,-121.858,"Apr 18 2025 08:05:03",2025-04-18 08:05:03,150
"316","20250418-C1-150m-1b","back-up","04.18.2025",NA,"stationary",NA,NA,"eDNA","water","C1","marine","150","active","0.22","1",NA,1,"Sterivex",2,"Spring2025",36.8045,-121.858,"150",150,"April",1.985,2,12.2249,12.2247,3.870358,3.870054,33.535,33.5317,0.065,0.39046,6.5897,108.402,287.004,0,"SynchroOSW - Spring2025 - CTD - C1.cnv",36.8045,-121.858,"Apr 18 2025 08:05:03",2025-04-18 08:05:03,150
"317","20250418-C1-150m-2","humpback surfaced","04.18.2025",NA,"stationary",NA,NA,"eDNA","water","C1","marine","150","active","0.22","2",NA,2,"Sterivex",2,"Spring2025",36.8045,-121.858,"150",150,"April",1.985,2,12.2249,12.2247,3.870358,3.870054,33.535,33.5317,0.065,0.39046,6.5897,108.402,287.004,0,"SynchroOSW - Spring2025 - CTD - C1.cnv",36.8045,-121.858,"Apr 18 2025 08:05:03",2025-04-18 08:05:03,150
"318","20250418-C1-150m-2b","back-up","04.18.2025",NA,"stationary",NA,NA,"eDNA","water","C1","marine","150","active","0.22","2",NA,2,"Sterivex",2,"Spring2025",36.8045,-121.858,"150",150,"April",1.985,2,12.2249,12.2247,3.870358,3.870054,33.535,33.5317,0.065,0.39046,6.5897,108.402,287.004,0,"SynchroOSW - Spring2025 - CTD - C1.cnv",36.8045,-121.858,"Apr 18 2025 08:05:03",2025-04-18 08:05:03,150
"319","20250418-C1-150m-3","humpback surfaced","04.18.2025",NA,"stationary",NA,NA,"eDNA","water","C1","marine","150","active","0.22","3",NA,3,"Sterivex",2,"Spring2025",36.8045,-121.858,"150",150,"April",1.985,2,12.2249,12.2247,3.870358,3.870054,33.535,33.5317,0.065,0.39046,6.5897,108.402,287.004,0,"SynchroOSW - Spring2025 - CTD - C1.cnv",36.8045,-121.858,"Apr 18 2025 08:05:03",2025-04-18 08:05:03,150
"320","20250418-C1-150m-3b","back-up","04.18.2025",NA,"stationary",NA,NA,"eDNA","water","C1","marine","150","active","0.22","3",NA,3,"Sterivex",2,"Spring2025",36.8045,-121.858,"150",150,"April",1.985,2,12.2249,12.2247,3.870358,3.870054,33.535,33.5317,0.065,0.39046,6.5897,108.402,287.004,0,"SynchroOSW - Spring2025 - CTD - C1.cnv",36.8045,-121.858,"Apr 18 2025 08:05:03",2025-04-18 08:05:03,150
"321","20250418-C1-air-st-1",NA,"04.18.2025",NA,"stationary","C1","C1","eDNA","air","C1","marine","0","passive","0.22","1",NA,NA,"disk",2,"Spring2025",36.8045,-121.858,"0",NA,"April",1.985,NA,NA,NA,NA,NA,NA,NA,NA,NA,NA,NA,NA,NA,NA,36.8045,-121.858,NA,NA,NA
"322","20250418-C1-air-st-2",NA,"04.18.2025",NA,"stationary","C1","C1","eDNA","air","C1","marine","0","passive","0.22","2",NA,NA,"disk",2,"Spring2025",36.8045,-121.858,"0",NA,"April",1.985,NA,NA,NA,NA,NA,NA,NA,NA,NA,NA,NA,NA,NA,NA,36.8045,-121.858,NA,NA,NA
"323","20250418-C1-air-st-3",NA,"04.18.2025",NA,"stationary","C1","C1","eDNA","air","C1","marine","0","passive","0.22","3",NA,NA,"disk",2,"Spring2025",36.8045,-121.858,"0",NA,"April",1.985,NA,NA,NA,NA,NA,NA,NA,NA,NA,NA,NA,NA,NA,NA,36.8045,-121.858,NA,NA,NA
"324","20250418-C1-Blnk",NA,"04.18.2025",NA,NA,NA,NA,"blank",NA,"C1","marine","0","active","0.22",NA,NA,NA,"Sterivex",2,"Spring2025",36.8045,-121.858,"0",NA,"April",1.985,NA,NA,NA,NA,NA,NA,NA,NA,NA,NA,NA,NA,NA,NA,36.8045,-121.858,NA,NA,NA
"325","20250418-C1-torp-1",NA,"04.18.2025",NA,"stationary",NA,NA,"eDNA","water","C1","marine","0","passive","0.22","1","3",NA,"disk",2,"Spring2025",36.8045,-121.858,"0",0,"April",1.985,2,12.2249,12.2247,3.870358,3.870054,33.535,33.5317,0.065,0.39046,6.5897,108.402,287.004,0,"SynchroOSW - Spring2025 - CTD - C1.cnv",36.8045,-121.858,"Apr 18 2025 08:05:03",2025-04-18 08:05:03,0
"326","20250418-C1-torp-2",NA,"04.18.2025",NA,"stationary",NA,NA,"eDNA","water","C1","marine","0","passive","0.22","2","3",NA,"disk",2,"Spring2025",36.8045,-121.858,"0",0,"April",1.985,2,12.2249,12.2247,3.870358,3.870054,33.535,33.5317,0.065,0.39046,6.5897,108.402,287.004,0,"SynchroOSW - Spring2025 - CTD - C1.cnv",36.8045,-121.858,"Apr 18 2025 08:05:03",2025-04-18 08:05:03,0
"327","20250418-M2-010m-1",NA,"04.18.2025",NA,"stationary",NA,NA,"eDNA","water","M2","marine","10","active","0.22","1",NA,10,"Sterivex",2,"Spring2025",36.7015,-122.3743333,"10",10,"April",1.986,2,12.4494,12.4512,3.828078,3.828103,32.9308,32.9273,-0.4651,0.058172,6.1778,101.717,269.198,0,"SynchroOSW - Spring2025 - CTD - M2.cnv",36.7015,-122.374333333333,"Apr 18 2025 11:51:16",2025-04-18 11:51:16,10
"328","20250418-M2-010m-2",NA,"04.18.2025",NA,"stationary",NA,NA,"eDNA","water","M2","marine","10","active","0.22","2",NA,11,"Sterivex",2,"Spring2025",36.7015,-122.3743333,"10",10,"April",1.986,2,12.4494,12.4512,3.828078,3.828103,32.9308,32.9273,-0.4651,0.058172,6.1778,101.717,269.198,0,"SynchroOSW - Spring2025 - CTD - M2.cnv",36.7015,-122.374333333333,"Apr 18 2025 11:51:16",2025-04-18 11:51:16,10
"329","20250418-M2-010m-3",NA,"04.18.2025",NA,"stationary",NA,NA,"eDNA","water","M2","marine","10","active","0.22","3",NA,12,"Sterivex",2,"Spring2025",36.7015,-122.3743333,"10",10,"April",1.986,2,12.4494,12.4512,3.828078,3.828103,32.9308,32.9273,-0.4651,0.058172,6.1778,101.717,269.198,0,"SynchroOSW - Spring2025 - CTD - M2.cnv",36.7015,-122.374333333333,"Apr 18 2025 11:51:16",2025-04-18 11:51:16,10
"330","20250418-M2-050m-1",NA,"04.18.2025",NA,"stationary",NA,NA,"eDNA","water","M2","marine","50","active","0.22","1",NA,7,"Sterivex",2,"Spring2025",36.7015,-122.3743333,"50",50,"April",1.986,2,12.4494,12.4512,3.828078,3.828103,32.9308,32.9273,-0.4651,0.058172,6.1778,101.717,269.198,0,"SynchroOSW - Spring2025 - CTD - M2.cnv",36.7015,-122.374333333333,"Apr 18 2025 11:51:16",2025-04-18 11:51:16,50
"331","20250418-M2-050m-2",NA,"04.18.2025",NA,"stationary",NA,NA,"eDNA","water","M2","marine","50","active","0.22","2",NA,8,"Sterivex",2,"Spring2025",36.7015,-122.3743333,"50",50,"April",1.986,2,12.4494,12.4512,3.828078,3.828103,32.9308,32.9273,-0.4651,0.058172,6.1778,101.717,269.198,0,"SynchroOSW - Spring2025 - CTD - M2.cnv",36.7015,-122.374333333333,"Apr 18 2025 11:51:16",2025-04-18 11:51:16,50
"332","20250418-M2-050m-3",NA,"04.18.2025",NA,"stationary",NA,NA,"eDNA","water","M2","marine","50","active","0.22","3",NA,9,"Sterivex",2,"Spring2025",36.7015,-122.3743333,"50",50,"April",1.986,2,12.4494,12.4512,3.828078,3.828103,32.9308,32.9273,-0.4651,0.058172,6.1778,101.717,269.198,0,"SynchroOSW - Spring2025 - CTD - M2.cnv",36.7015,-122.374333333333,"Apr 18 2025 11:51:16",2025-04-18 11:51:16,50
"333","20250418-M2-150m-1",NA,"04.18.2025",NA,"stationary",NA,NA,"eDNA","water","M2","marine","150","active","0.22","1",NA,4,"Sterivex",2,"Spring2025",36.7015,-122.3743333,"150",150,"April",1.986,2,12.4494,12.4512,3.828078,3.828103,32.9308,32.9273,-0.4651,0.058172,6.1778,101.717,269.198,0,"SynchroOSW - Spring2025 - CTD - M2.cnv",36.7015,-122.374333333333,"Apr 18 2025 11:51:16",2025-04-18 11:51:16,150
"334","20250418-M2-150m-2",NA,"04.18.2025",NA,"stationary",NA,NA,"eDNA","water","M2","marine","150","active","0.22","2",NA,5,"Sterivex",2,"Spring2025",36.7015,-122.3743333,"150",150,"April",1.986,2,12.4494,12.4512,3.828078,3.828103,32.9308,32.9273,-0.4651,0.058172,6.1778,101.717,269.198,0,"SynchroOSW - Spring2025 - CTD - M2.cnv",36.7015,-122.374333333333,"Apr 18 2025 11:51:16",2025-04-18 11:51:16,150
"335","20250418-M2-150m-3",NA,"04.18.2025",NA,"stationary",NA,NA,"eDNA","water","M2","marine","150","active","0.22","3",NA,6,"Sterivex",2,"Spring2025",36.7015,-122.3743333,"150",150,"April",1.986,2,12.4494,12.4512,3.828078,3.828103,32.9308,32.9273,-0.4651,0.058172,6.1778,101.717,269.198,0,"SynchroOSW - Spring2025 - CTD - M2.cnv",36.7015,-122.374333333333,"Apr 18 2025 11:51:16",2025-04-18 11:51:16,150
"336","20250418-M2-300m-1",NA,"04.18.2025",NA,"stationary",NA,NA,"eDNA","water","M2","marine","300","active","0.22","1",NA,1,"Sterivex",2,"Spring2025",36.7015,-122.3743333,"300",300,"April",1.986,2,12.4494,12.4512,3.828078,3.828103,32.9308,32.9273,-0.4651,0.058172,6.1778,101.717,269.198,0,"SynchroOSW - Spring2025 - CTD - M2.cnv",36.7015,-122.374333333333,"Apr 18 2025 11:51:16",2025-04-18 11:51:16,300
"337","20250418-M2-300m-2",NA,"04.18.2025",NA,"stationary",NA,NA,"eDNA","water","M2","marine","300","active","0.22","2",NA,2,"Sterivex",2,"Spring2025",36.7015,-122.3743333,"300",300,"April",1.986,2,12.4494,12.4512,3.828078,3.828103,32.9308,32.9273,-0.4651,0.058172,6.1778,101.717,269.198,0,"SynchroOSW - Spring2025 - CTD - M2.cnv",36.7015,-122.374333333333,"Apr 18 2025 11:51:16",2025-04-18 11:51:16,300
"338","20250418-M2-300m-3",NA,"04.18.2025",NA,"stationary",NA,NA,"eDNA","water","M2","marine","300","active","0.22","3",NA,3,"Sterivex",2,"Spring2025",36.7015,-122.3743333,"300",300,"April",1.986,2,12.4494,12.4512,3.828078,3.828103,32.9308,32.9273,-0.4651,0.058172,6.1778,101.717,269.198,0,"SynchroOSW - Spring2025 - CTD - M2.cnv",36.7015,-122.374333333333,"Apr 18 2025 11:51:16",2025-04-18 11:51:16,300
"339","20250418-M2-Blnk",NA,"04.18.2025",NA,NA,NA,NA,"blank",NA,"M2","marine","0","active","0.22",NA,NA,NA,"Sterivex",2,"Spring2025",36.7015,-122.3743333,"0",NA,"April",1.986,NA,NA,NA,NA,NA,NA,NA,NA,NA,NA,NA,NA,NA,NA,36.7015,-122.374333333333,NA,NA,NA
"340","20250418-M2-torp-1",NA,"04.18.2025",NA,"stationary",NA,NA,"eDNA","water","M2","marine","0","passive","20","A","3 mins",NA,"disk",2,"Spring2025",36.7015,-122.3743333,"0",0,"April",1.986,2,12.4494,12.4512,3.828078,3.828103,32.9308,32.9273,-0.4651,0.058172,6.1778,101.717,269.198,0,"SynchroOSW - Spring2025 - CTD - M2.cnv",36.7015,-122.374333333333,"Apr 18 2025 11:51:16",2025-04-18 11:51:16,0
"341","20250418-M2-torp-2",NA,"04.18.2025",NA,"stationary",NA,NA,"eDNA","water","M2","marine","0","passive","20","B","3 mins",NA,"disk",2,"Spring2025",36.7015,-122.3743333,"0",0,"April",1.986,2,12.4494,12.4512,3.828078,3.828103,32.9308,32.9273,-0.4651,0.058172,6.1778,101.717,269.198,0,"SynchroOSW - Spring2025 - CTD - M2.cnv",36.7015,-122.374333333333,"Apr 18 2025 11:51:16",2025-04-18 11:51:16,0
"342","MARS-air-A","for whole transit","04.17.2025",NA,"stationary","ML","MARS","eDNA","air","MARS","marine","0","passive","0.22","A",NA,NA,"disk",2,"Spring2025",36.743,-122.1068333,"0",NA,"April",1.985,NA,NA,NA,NA,NA,NA,NA,NA,NA,NA,NA,NA,NA,NA,36.743,-122.106833333333,NA,NA,NA
"343","MARS-air-B","for whole transit","04.17.2025",NA,"stationary","ML","MARs","eDNA","air","MARS","marine","0","passive","0.22","B",NA,NA,"disk",2,"Spring2025",36.743,-122.1068333,"0",NA,"April",1.985,NA,NA,NA,NA,NA,NA,NA,NA,NA,NA,NA,NA,NA,NA,36.743,-122.106833333333,NA,NA,NA
"344","MARS-air-C","for whole transit","04.17.2025",NA,"stationary","ML","MARS","eDNA","air","MARS","marine","0","passive","0.22","C",NA,NA,"disk",2,"Spring2025",36.743,-122.1068333,"0",NA,"April",1.985,NA,NA,NA,NA,NA,NA,NA,NA,NA,NA,NA,NA,NA,NA,36.743,-122.106833333333,NA,NA,NA
"345","MARS-air-st-a","while CTD was in the water","04.17.2025",09:45:00,"stationary","MARS","MARS","eDNA","air","MARS","marine","0","passive","0.22","a",NA,NA,"disk",2,"Spring2025",36.743,-122.1068333,"0",NA,"April",1.985,NA,NA,NA,NA,NA,NA,NA,NA,NA,NA,NA,NA,NA,NA,36.743,-122.106833333333,NA,NA,NA
"346","MARS-air-st-b","while CTD was in the water","04.17.2025",09:45:00,"stationary","MARS","MARS","eDNA","air","MARS","marine","0","passive","0.22","b",NA,NA,"disk",2,"Spring2025",36.743,-122.1068333,"0",NA,"April",1.985,NA,NA,NA,NA,NA,NA,NA,NA,NA,NA,NA,NA,NA,NA,36.743,-122.106833333333,NA,NA,NA
"347","MARS-air-st-c","while CTD was in the water","04.17.2025",09:45:00,"stationary","MARS","MARS","eDNA","air","MARS","marine","0","passive","0.22","c",NA,NA,"disk",2,"Spring2025",36.743,-122.1068333,"0",NA,"April",1.985,NA,NA,NA,NA,NA,NA,NA,NA,NA,NA,NA,NA,NA,NA,36.743,-122.106833333333,NA,NA,NA
