"","SampleID","notes","sampling date","sampling time","movement","Station_start","Station_end","sample type","medium","Station","ecosystem","depth.x","filtration","pore size","replicate","time","bottle","filter type","time point","Season","Latitude.x","Longitude.x","depth_chr","depth_num","depth.y","pressure","temperature","temperature2","conductivity","conductivity2","salinity","salinity2","beamAttenuation","fluorescence","oxygen","oxygen2","oxygen3","flag","File","Latitude.y","Longitude.y","depth_diff"
"1","20250414-ESe16a",NA,"04.14.2025",NA,"stationary",NA,NA,"eDNA","water","ELKHORN SLOUGH","estuary","0","passive","20","1","0",NA,"Sterivex",2,"Spring2025",36.8105,-121.7827,"0",0,NA,NA,NA,NA,NA,NA,NA,NA,NA,NA,NA,NA,NA,NA,NA,NA,NA,0
"2","20250414-ESe16b",NA,"04.14.2025",NA,"stationary",NA,NA,"eDNA","water","ELKHORN SLOUGH","estuary","0","passive","20","2","0",NA,"Sterivex",2,"Spring2025",36.8105,-121.7827,"0",0,NA,NA,NA,NA,NA,NA,NA,NA,NA,NA,NA,NA,NA,NA,NA,NA,NA,0
"3","20250414-ESe17a",NA,"04.14.2025",NA,"stationary",NA,NA,"eDNA","water","ELKHORN SLOUGH","estuary","0","passive","20","1","0",NA,"Sterivex",2,"Spring2025",36.8105,-121.7827,"0",0,NA,NA,NA,NA,NA,NA,NA,NA,NA,NA,NA,NA,NA,NA,NA,NA,NA,0
"4","20250414-ESe17b",NA,"04.14.2025",NA,"stationary",NA,NA,"eDNA","water","ELKHORN SLOUGH","estuary","0","passive","20","2","0",NA,"Sterivex",2,"Spring2025",36.8105,-121.7827,"0",0,NA,NA,NA,NA,NA,NA,NA,NA,NA,NA,NA,NA,NA,NA,NA,NA,NA,0
"5","20250414-ESe18a",NA,"04.14.2025",NA,"stationary",NA,NA,"eDNA","water","ELKHORN SLOUGH","estuary","0","active","0.22","1","19",NA,"Sterivex",2,"Spring2025",36.8105,-121.7827,"0",0,NA,NA,NA,NA,NA,NA,NA,NA,NA,NA,NA,NA,NA,NA,NA,NA,NA,0
"6","20250414-ESe18b",NA,"04.14.2025",NA,"stationary",NA,NA,"eDNA","water","ELKHORN SLOUGH","estuary","0","active","0.22","2","19",NA,"Sterivex",2,"Spring2025",36.8105,-121.7827,"0",0,NA,NA,NA,NA,NA,NA,NA,NA,NA,NA,NA,NA,NA,NA,NA,NA,NA,0
"7","20250414-ESe18c",NA,"04.14.2025",NA,"stationary",NA,NA,"eDNA","water","ELKHORN SLOUGH","estuary","0","active","0.22","3","19",NA,"Sterivex",2,"Spring2025",36.8105,-121.7827,"0",0,NA,NA,NA,NA,NA,NA,NA,NA,NA,NA,NA,NA,NA,NA,NA,NA,NA,0
"8","20250414-ESe19a",NA,"04.14.2025",NA,"stationary",NA,NA,"eDNA","water","ELKHORN SLOUGH","estuary","0","active","0.22","1","19",NA,"Sterivex",2,"Spring2025",36.8105,-121.7827,"0",0,NA,NA,NA,NA,NA,NA,NA,NA,NA,NA,NA,NA,NA,NA,NA,NA,NA,0
"9","20250414-ESe19b",NA,"04.14.2025",NA,"stationary",NA,NA,"eDNA","water","ELKHORN SLOUGH","estuary","0","active","0.22","2","20",NA,"Sterivex",2,"Spring2025",36.8105,-121.7827,"0",0,NA,NA,NA,NA,NA,NA,NA,NA,NA,NA,NA,NA,NA,NA,NA,NA,NA,0
"10","20250414-ESe19c",NA,"04.14.2025",NA,"stationary",NA,NA,"eDNA","water","ELKHORN SLOUGH","estuary","0","active","0.22","3","20",NA,"Sterivex",2,"Spring2025",36.8105,-121.7827,"0",0,NA,NA,NA,NA,NA,NA,NA,NA,NA,NA,NA,NA,NA,NA,NA,NA,NA,0
"11","20250414-ESe20a",NA,"04.14.2025",NA,"stationary",NA,NA,"eDNA","water","ELKHORN SLOUGH","estuary","0","active","0.22","2","21",NA,"Sterivex",2,"Spring2025",36.8105,-121.7827,"0",0,NA,NA,NA,NA,NA,NA,NA,NA,NA,NA,NA,NA,NA,NA,NA,NA,NA,0
"12","20250414-ESe20b",NA,"04.14.2025",NA,"stationary",NA,NA,"eDNA","water","ELKHORN SLOUGH","estuary","0","active","0.22","3","21",NA,"Sterivex",2,"Spring2025",36.8105,-121.7827,"0",0,NA,NA,NA,NA,NA,NA,NA,NA,NA,NA,NA,NA,NA,NA,NA,NA,NA,0
"13","20250414-ESe20c",NA,"04.14.2025",NA,"stationary",NA,NA,"eDNA","water","ELKHORN SLOUGH","estuary","0","active","0.22","1","21",NA,"Sterivex",2,"Spring2025",36.8105,-121.7827,"0",0,NA,NA,NA,NA,NA,NA,NA,NA,NA,NA,NA,NA,NA,NA,NA,NA,NA,0
"14","20250417-M1-010M-1","Label is different (preprinted)","04.17.2025",NA,"stationary",NA,NA,"eDNA","water","M1","marine","10","active","0.22","1",NA,10,"Sterivex",2,"Spring2025",36.74166667,-122.0268333,"10",10,1.985,2,12.4903,12.4914,3.780827,3.781148,32.4457,32.4432,-0.1383,0.091885,6.3471,104.274,276.677,0,"SynchroOSW - Spring2025 - CTD - M1.cnv",36.7416666666667,-122.026833333333,10
"15","20250417-M1-010M-2","Label is different (preprinted)","04.17.2025",NA,"stationary",NA,NA,"eDNA","water","M1","marine","10","active","0.22","2",NA,11,"Sterivex",2,"Spring2025",36.74166667,-122.0268333,"10",10,1.985,2,12.4903,12.4914,3.780827,3.781148,32.4457,32.4432,-0.1383,0.091885,6.3471,104.274,276.677,0,"SynchroOSW - Spring2025 - CTD - M1.cnv",36.7416666666667,-122.026833333333,10
"16","20250417-M1-010M-3","Label is different (preprinted)","04.17.2025",NA,"stationary",NA,NA,"eDNA","water","M1","marine","10","active","0.22","3",NA,12,"Sterivex",2,"Spring2025",36.74166667,-122.0268333,"10",10,1.985,2,12.4903,12.4914,3.780827,3.781148,32.4457,32.4432,-0.1383,0.091885,6.3471,104.274,276.677,0,"SynchroOSW - Spring2025 - CTD - M1.cnv",36.7416666666667,-122.026833333333,10
"17","20250417-M1-12-5M-1","Deep Chl max","04.17.2025",NA,"stationary",NA,NA,"eDNA","water","M1","marine","12.5","active","0.22","1",NA,7,"Sterivex",2,"Spring2025",36.74166667,-122.0268333,"12.5",12.5,1.985,2,12.4903,12.4914,3.780827,3.781148,32.4457,32.4432,-0.1383,0.091885,6.3471,104.274,276.677,0,"SynchroOSW - Spring2025 - CTD - M1.cnv",36.7416666666667,-122.026833333333,12.5
"18","20250417-M1-12-5M-3","Deep Chl max","04.17.2025",NA,"stationary",NA,NA,"eDNA","water","M1","marine","12.5","active","0.22","3",NA,9,"Sterivex",2,"Spring2025",36.74166667,-122.0268333,"12.5",12.5,1.985,2,12.4903,12.4914,3.780827,3.781148,32.4457,32.4432,-0.1383,0.091885,6.3471,104.274,276.677,0,"SynchroOSW - Spring2025 - CTD - M1.cnv",36.7416666666667,-122.026833333333,12.5
"19","20250417-M1-150m-1",NA,"04.17.2025",NA,"stationary",NA,NA,"eDNA","water","M1","marine","150","active","0.22","1",NA,4,"Sterivex",2,"Spring2025",36.74166667,-122.0268333,"150",150,1.985,2,12.4903,12.4914,3.780827,3.781148,32.4457,32.4432,-0.1383,0.091885,6.3471,104.274,276.677,0,"SynchroOSW - Spring2025 - CTD - M1.cnv",36.7416666666667,-122.026833333333,150
"20","20250417-M1-150m-2",NA,"04.17.2025",NA,"stationary",NA,NA,"eDNA","water","M1","marine","150","active","0.22","2",NA,5,"Sterivex",2,"Spring2025",36.74166667,-122.0268333,"150",150,1.985,2,12.4903,12.4914,3.780827,3.781148,32.4457,32.4432,-0.1383,0.091885,6.3471,104.274,276.677,0,"SynchroOSW - Spring2025 - CTD - M1.cnv",36.7416666666667,-122.026833333333,150
"21","20250417-M1-150m-2-HW","Deep Chl max, wrong label 20250417-M1-150m-2-HW double sample","04.17.2025",NA,"stationary",NA,NA,"eDNA","water","M1","marine","12.5","active","0.22","1",NA,7,"Sterivex",2,"Spring2025",36.74166667,-122.0268333,"12.5",12.5,1.985,2,12.4903,12.4914,3.780827,3.781148,32.4457,32.4432,-0.1383,0.091885,6.3471,104.274,276.677,0,"SynchroOSW - Spring2025 - CTD - M1.cnv",36.7416666666667,-122.026833333333,12.5
"22","20250417-M1-150m-3",NA,"04.17.2025",NA,"stationary",NA,NA,"eDNA","water","M1","marine","150","active","0.22","3",NA,6,"Sterivex",2,"Spring2025",36.74166667,-122.0268333,"150",150,1.985,2,12.4903,12.4914,3.780827,3.781148,32.4457,32.4432,-0.1383,0.091885,6.3471,104.274,276.677,0,"SynchroOSW - Spring2025 - CTD - M1.cnv",36.7416666666667,-122.026833333333,150
"23","20250417-M1-300m-1",NA,"04.17.2025",NA,"stationary",NA,NA,"eDNA","water","M1","marine","300","active","0.22","1",NA,1,"Sterivex",2,"Spring2025",36.74166667,-122.0268333,"300",300,1.985,2,12.4903,12.4914,3.780827,3.781148,32.4457,32.4432,-0.1383,0.091885,6.3471,104.274,276.677,0,"SynchroOSW - Spring2025 - CTD - M1.cnv",36.7416666666667,-122.026833333333,300
"24","20250417-M1-300m-2",NA,"04.17.2025",NA,"stationary",NA,NA,"eDNA","water","M1","marine","300","active","0.22","2",NA,2,"Sterivex",2,"Spring2025",36.74166667,-122.0268333,"300",300,1.985,2,12.4903,12.4914,3.780827,3.781148,32.4457,32.4432,-0.1383,0.091885,6.3471,104.274,276.677,0,"SynchroOSW - Spring2025 - CTD - M1.cnv",36.7416666666667,-122.026833333333,300
"25","20250417-M1-300m-3",NA,"04.17.2025",NA,"stationary",NA,NA,"eDNA","water","M1","marine","300","active","0.22","3",NA,3,"Sterivex",2,"Spring2025",36.74166667,-122.0268333,"300",300,1.985,2,12.4903,12.4914,3.780827,3.781148,32.4457,32.4432,-0.1383,0.091885,6.3471,104.274,276.677,0,"SynchroOSW - Spring2025 - CTD - M1.cnv",36.7416666666667,-122.026833333333,300
"26","20250417-M1-air-1",NA,"04.17.2025",NA,"stationary","OSWS","M1","eDNA","air","M1","marine","0","passive","0.22","1",NA,NA,"disk",2,"Spring2025",36.74166667,-122.0268333,"0",0,1.985,NA,NA,NA,NA,NA,NA,NA,NA,NA,NA,NA,NA,NA,NA,36.7416666666667,-122.026833333333,NA
"27","20250417-M1-air-2",NA,"04.17.2025",NA,"stationary","OSWS","M1","eDNA","air","M1","marine","0","passive","0.22","2",NA,NA,"disk",2,"Spring2025",36.74166667,-122.0268333,"0",0,1.985,NA,NA,NA,NA,NA,NA,NA,NA,NA,NA,NA,NA,NA,NA,36.7416666666667,-122.026833333333,NA
"28","20250417-M1-air-3",NA,"04.17.2025",NA,"stationary","OSWS","M1","eDNA","air","M1","marine","0","passive","0.22","3",NA,NA,"disk",2,"Spring2025",36.74166667,-122.0268333,"0",0,1.985,NA,NA,NA,NA,NA,NA,NA,NA,NA,NA,NA,NA,NA,NA,36.7416666666667,-122.026833333333,NA
"29","20250417-M1-air-st-A",NA,"04.17.2025",NA,"stationary","M1","M1","eDNA","air","M1","marine","0","passive","0.22","1",NA,NA,"disk",2,"Spring2025",36.74166667,-122.0268333,"0",0,1.985,NA,NA,NA,NA,NA,NA,NA,NA,NA,NA,NA,NA,NA,NA,36.7416666666667,-122.026833333333,NA
"30","20250417-M1-air-st-B",NA,"04.17.2025",NA,"stationary","M1","M1","eDNA","air","M1","marine","0","passive","0.22","2",NA,NA,"disk",2,"Spring2025",36.74166667,-122.0268333,"0",0,1.985,NA,NA,NA,NA,NA,NA,NA,NA,NA,NA,NA,NA,NA,NA,36.7416666666667,-122.026833333333,NA
"31","20250417-M1-air-st-C",NA,"04.17.2025",NA,"stationary","M1","M1","eDNA","air","M1","marine","0","passive","0.22","3",NA,NA,"disk",2,"Spring2025",36.74166667,-122.0268333,"0",0,1.985,NA,NA,NA,NA,NA,NA,NA,NA,NA,NA,NA,NA,NA,NA,36.7416666666667,-122.026833333333,NA
"32","20250417-M1-torp-1",NA,"04.17.2025",NA,"transition",NA,NA,"eDNA","water","M1","marine","0","passive","20","1",NA,NA,"disk",2,"Spring2025",36.74166667,-122.0268333,"0",0,1.985,2,12.4903,12.4914,3.780827,3.781148,32.4457,32.4432,-0.1383,0.091885,6.3471,104.274,276.677,0,"SynchroOSW - Spring2025 - CTD - M1.cnv",36.7416666666667,-122.026833333333,0
"33","20250417-M1-torp-2",NA,"04.17.2025",NA,"transition",NA,NA,"eDNA","water","M1","marine","0","passive","20","2",NA,NA,"disk",2,"Spring2025",36.74166667,-122.0268333,"0",0,1.985,2,12.4903,12.4914,3.780827,3.781148,32.4457,32.4432,-0.1383,0.091885,6.3471,104.274,276.677,0,"SynchroOSW - Spring2025 - CTD - M1.cnv",36.7416666666667,-122.026833333333,0
"34","20250417-MARS-010m-1",NA,"04.17.2025",NA,"stationary",NA,NA,"eDNA","water","MARS","marine","10","active","0.22","1",NA,10,"Sterivex",2,"Spring2025",36.743,-122.1068333,"10",10,1.985,2,12.8605,12.8548,3.792083,3.792609,32.2355,32.2403,-0.9373,0.1035,6.3669,105.272,277.607,0,"SynchroOSW - Spring2025 - CTD - MARS.cnv",36.743,-122.106833333333,10
"35","20250417-MARS-010m-2",NA,"04.17.2025",NA,"stationary",NA,NA,"eDNA","water","MARS","marine","10","active","0.22","2",NA,11,"Sterivex",2,"Spring2025",36.743,-122.1068333,"10",10,1.985,2,12.8605,12.8548,3.792083,3.792609,32.2355,32.2403,-0.9373,0.1035,6.3669,105.272,277.607,0,"SynchroOSW - Spring2025 - CTD - MARS.cnv",36.743,-122.106833333333,10
"36","20250417-MARS-010m-3",NA,"04.17.2025",NA,"stationary",NA,NA,"eDNA","water","MARS","marine","10","active","0.22","3",NA,12,"Sterivex",2,"Spring2025",36.743,-122.1068333,"10",10,1.985,2,12.8605,12.8548,3.792083,3.792609,32.2355,32.2403,-0.9373,0.1035,6.3669,105.272,277.607,0,"SynchroOSW - Spring2025 - CTD - MARS.cnv",36.743,-122.106833333333,10
"37","20250417-MARS-011m-1","Deep Chl max","04.17.2025",NA,"stationary",NA,NA,"eDNA","water","MARS","marine","11","active","0.22","1",NA,7,"Sterivex",2,"Spring2025",36.743,-122.1068333,"11",11,1.985,2,12.8605,12.8548,3.792083,3.792609,32.2355,32.2403,-0.9373,0.1035,6.3669,105.272,277.607,0,"SynchroOSW - Spring2025 - CTD - MARS.cnv",36.743,-122.106833333333,11
"38","20250417-MARS-011m-2","Deep Chl max","04.17.2025",NA,"stationary",NA,NA,"eDNA","water","MARS","marine","11","active","0.22","2",NA,8,"Sterivex",2,"Spring2025",36.743,-122.1068333,"11",11,1.985,2,12.8605,12.8548,3.792083,3.792609,32.2355,32.2403,-0.9373,0.1035,6.3669,105.272,277.607,0,"SynchroOSW - Spring2025 - CTD - MARS.cnv",36.743,-122.106833333333,11
"39","20250417-MARS-011m-3","Deep Chl max","04.17.2025",NA,"stationary",NA,NA,"eDNA","water","MARS","marine","11","active","0.22","3",NA,9,"Sterivex",2,"Spring2025",36.743,-122.1068333,"11",11,1.985,2,12.8605,12.8548,3.792083,3.792609,32.2355,32.2403,-0.9373,0.1035,6.3669,105.272,277.607,0,"SynchroOSW - Spring2025 - CTD - MARS.cnv",36.743,-122.106833333333,11
"40","20250417-MARS-150m-1",NA,"04.17.2025",NA,"stationary",NA,NA,"eDNA","water","MARS","marine","150","active","0.22","1",NA,4,"Sterivex",2,"Spring2025",36.743,-122.1068333,"150",150,1.985,2,12.8605,12.8548,3.792083,3.792609,32.2355,32.2403,-0.9373,0.1035,6.3669,105.272,277.607,0,"SynchroOSW - Spring2025 - CTD - MARS.cnv",36.743,-122.106833333333,150
"41","20250417-MARS-150m-2",NA,"04.17.2025",NA,"stationary",NA,NA,"eDNA","water","MARS","marine","150","active","0.22","2",NA,5,"Sterivex",2,"Spring2025",36.743,-122.1068333,"150",150,1.985,2,12.8605,12.8548,3.792083,3.792609,32.2355,32.2403,-0.9373,0.1035,6.3669,105.272,277.607,0,"SynchroOSW - Spring2025 - CTD - MARS.cnv",36.743,-122.106833333333,150
"42","20250417-MARS-150m-3",NA,"04.17.2025",NA,"stationary",NA,NA,"eDNA","water","MARS","marine","150","active","0.22","3",NA,6,"Sterivex",2,"Spring2025",36.743,-122.1068333,"150",150,1.985,2,12.8605,12.8548,3.792083,3.792609,32.2355,32.2403,-0.9373,0.1035,6.3669,105.272,277.607,0,"SynchroOSW - Spring2025 - CTD - MARS.cnv",36.743,-122.106833333333,150
"43","20250417-MARS-300m-1",NA,"04.17.2025",NA,"stationary",NA,NA,"eDNA","water","MARS","marine","300","active","0.22","1",NA,1,"Sterivex",2,"Spring2025",36.743,-122.1068333,"300",300,1.985,2,12.8605,12.8548,3.792083,3.792609,32.2355,32.2403,-0.9373,0.1035,6.3669,105.272,277.607,0,"SynchroOSW - Spring2025 - CTD - MARS.cnv",36.743,-122.106833333333,300
"44","20250417-MARS-300m-2",NA,"04.17.2025",NA,"stationary",NA,NA,"eDNA","water","MARS","marine","300","active","0.22","2",NA,2,"Sterivex",2,"Spring2025",36.743,-122.1068333,"300",300,1.985,2,12.8605,12.8548,3.792083,3.792609,32.2355,32.2403,-0.9373,0.1035,6.3669,105.272,277.607,0,"SynchroOSW - Spring2025 - CTD - MARS.cnv",36.743,-122.106833333333,300
"45","20250417-MARS-300m-3",NA,"04.17.2025",NA,"stationary",NA,NA,"eDNA","water","MARS","marine","300","active","0.22","3",NA,3,"Sterivex",2,"Spring2025",36.743,-122.1068333,"300",300,1.985,2,12.8605,12.8548,3.792083,3.792609,32.2355,32.2403,-0.9373,0.1035,6.3669,105.272,277.607,0,"SynchroOSW - Spring2025 - CTD - MARS.cnv",36.743,-122.106833333333,300
"46","20250417-MARS-torp-A",NA,"04.17.2025",09:40:00,"transition",NA,NA,"eDNA","water","MARS","marine","0","passive","20","A","5",NA,"disk",2,"Spring2025",36.743,-122.1068333,"0",0,1.985,2,12.8605,12.8548,3.792083,3.792609,32.2355,32.2403,-0.9373,0.1035,6.3669,105.272,277.607,0,"SynchroOSW - Spring2025 - CTD - MARS.cnv",36.743,-122.106833333333,0
"47","20250417-MARS-torp-B",NA,"04.17.2025",09:40:00,"transition",NA,NA,"eDNA","water","MARS","marine","0","passive","20","B","5",NA,"disk",2,"Spring2025",36.743,-122.1068333,"0",0,1.985,2,12.8605,12.8548,3.792083,3.792609,32.2355,32.2403,-0.9373,0.1035,6.3669,105.272,277.607,0,"SynchroOSW - Spring2025 - CTD - MARS.cnv",36.743,-122.106833333333,0
"48","20250417-OSWS-010m-1",NA,"04.17.2025",NA,"stationary",NA,NA,"eDNA","water","OSWS","marine","10","active","0.22","1",NA,10,"Sterivex",2,"Spring2025",36.6775,-122.5351667,"10",10,1.985,2,13.5681,13.5581,3.947846,3.94892,33.1046,33.1054,-0.5111,0.08772,6.6169,111.615,288.355,0,"SynchroOSW - Spring2025 - CTD - Synchro1.cnv",36.6775,-122.535166666667,10
"49","20250417-OSWS-010m-2",NA,"04.17.2025",NA,"stationary",NA,NA,"eDNA","water","OSWS","marine","10","active","0.22","2",NA,11,"Sterivex",2,"Spring2025",36.6775,-122.5351667,"10",10,1.985,2,13.5681,13.5581,3.947846,3.94892,33.1046,33.1054,-0.5111,0.08772,6.6169,111.615,288.355,0,"SynchroOSW - Spring2025 - CTD - Synchro1.cnv",36.6775,-122.535166666667,10
"50","20250417-OSWS-010m-3",NA,"04.17.2025",NA,"stationary",NA,NA,"eDNA","water","OSWS","marine","10","active",NA,"3",NA,12,"Sterivex",2,"Spring2025",36.6775,-122.5351667,"10",10,1.985,2,13.5681,13.5581,3.947846,3.94892,33.1046,33.1054,-0.5111,0.08772,6.6169,111.615,288.355,0,"SynchroOSW - Spring2025 - CTD - Synchro1.cnv",36.6775,-122.535166666667,10
"51","20250417-OSWS-017m-1","Deep Chl max","04.17.2025",NA,"stationary",NA,NA,"eDNA","water","OSWS","marine","17","active","0.22","1",NA,7,"Sterivex",2,"Spring2025",36.6775,-122.5351667,"17",17,1.985,2,13.5681,13.5581,3.947846,3.94892,33.1046,33.1054,-0.5111,0.08772,6.6169,111.615,288.355,0,"SynchroOSW - Spring2025 - CTD - Synchro1.cnv",36.6775,-122.535166666667,17
"52","20250417-OSWS-017m-2","Deep Chl max","04.17.2025",NA,"stationary",NA,NA,"eDNA","water","OSWS","marine","17","active","0.22","2",NA,8,"Sterivex",2,"Spring2025",36.6775,-122.5351667,"17",17,1.985,2,13.5681,13.5581,3.947846,3.94892,33.1046,33.1054,-0.5111,0.08772,6.6169,111.615,288.355,0,"SynchroOSW - Spring2025 - CTD - Synchro1.cnv",36.6775,-122.535166666667,17
"53","20250417-OSWS-017m-3","Deep Chl max","04.17.2025",NA,"stationary",NA,NA,"eDNA","water","OSWS","marine","17","active","0.22","3",NA,9,"Sterivex",2,"Spring2025",36.6775,-122.5351667,"17",17,1.985,2,13.5681,13.5581,3.947846,3.94892,33.1046,33.1054,-0.5111,0.08772,6.6169,111.615,288.355,0,"SynchroOSW - Spring2025 - CTD - Synchro1.cnv",36.6775,-122.535166666667,17
"54","20250417-OSWS-150m-1",NA,"04.17.2025",NA,"stationary",NA,NA,"eDNA","water","OSWS","marine","150","active","0.22","1",NA,4,"Sterivex",2,"Spring2025",36.6775,-122.5351667,"150",150,1.985,2,13.5681,13.5581,3.947846,3.94892,33.1046,33.1054,-0.5111,0.08772,6.6169,111.615,288.355,0,"SynchroOSW - Spring2025 - CTD - Synchro1.cnv",36.6775,-122.535166666667,150
"55","20250417-OSWS-150m-2",NA,"04.17.2025",NA,"stationary",NA,NA,"eDNA","water","OSWS","marine","150","active","0.22","2",NA,5,"Sterivex",2,"Spring2025",36.6775,-122.5351667,"150",150,1.985,2,13.5681,13.5581,3.947846,3.94892,33.1046,33.1054,-0.5111,0.08772,6.6169,111.615,288.355,0,"SynchroOSW - Spring2025 - CTD - Synchro1.cnv",36.6775,-122.535166666667,150
"56","20250417-OSWS-150m-3",NA,"04.17.2025",NA,"stationary",NA,NA,"eDNA","water","OSWS","marine","150","active","0.22","3",NA,6,"Sterivex",2,"Spring2025",36.6775,-122.5351667,"150",150,1.985,2,13.5681,13.5581,3.947846,3.94892,33.1046,33.1054,-0.5111,0.08772,6.6169,111.615,288.355,0,"SynchroOSW - Spring2025 - CTD - Synchro1.cnv",36.6775,-122.535166666667,150
"57","20250417-OSWS-300m-1",NA,"04.17.2025",NA,"stationary",NA,NA,"eDNA","water","OSWS","marine","300","active","0.22","1",NA,1,"Sterivex",2,"Spring2025",36.6775,-122.5351667,"300",300,1.985,2,13.5681,13.5581,3.947846,3.94892,33.1046,33.1054,-0.5111,0.08772,6.6169,111.615,288.355,0,"SynchroOSW - Spring2025 - CTD - Synchro1.cnv",36.6775,-122.535166666667,300
"58","20250417-OSWS-300m-2",NA,"04.17.2025",NA,"stationary",NA,NA,"eDNA","water","OSWS","marine","300","active","0.22","2",NA,2,"Sterivex",2,"Spring2025",36.6775,-122.5351667,"300",300,1.985,2,13.5681,13.5581,3.947846,3.94892,33.1046,33.1054,-0.5111,0.08772,6.6169,111.615,288.355,0,"SynchroOSW - Spring2025 - CTD - Synchro1.cnv",36.6775,-122.535166666667,300
"59","20250417-OSWS-300m-3",NA,"04.17.2025",NA,"stationary",NA,NA,"eDNA","water","OSWS","marine","300","active","0.22","3",NA,3,"Sterivex",2,"Spring2025",36.6775,-122.5351667,"300",300,1.985,2,13.5681,13.5581,3.947846,3.94892,33.1046,33.1054,-0.5111,0.08772,6.6169,111.615,288.355,0,"SynchroOSW - Spring2025 - CTD - Synchro1.cnv",36.6775,-122.535166666667,300
"60","20250417-OSWS-air-1","MARS transit to OSWS, one filter torn","04.17.2025",NA,"stationary","MARS","OSWS","eDNA","air","OSWS","marine","0","passive","0.22","1",NA,NA,"disk",2,"Spring2025",36.6775,-122.5351667,"0",0,1.985,NA,NA,NA,NA,NA,NA,NA,NA,NA,NA,NA,NA,NA,NA,36.6775,-122.535166666667,NA
"61","20250417-OSWS-air-2","MARS transit to OSWS, one filter torn","04.17.2025",NA,"stationary","MARS","OSWS","eDNA","air","OSWS","marine","0","passive","0.22","2",NA,NA,"disk",2,"Spring2025",36.6775,-122.5351667,"0",0,1.985,NA,NA,NA,NA,NA,NA,NA,NA,NA,NA,NA,NA,NA,NA,36.6775,-122.535166666667,NA
"62","20250417-OSWS-air-3","MARS transit to OSWS, one filter torn","04.17.2025",NA,"stationary","MARS","OSWS","eDNA","air","OSWS","marine","0","passive","0.22","3",NA,NA,"disk",2,"Spring2025",36.6775,-122.5351667,"0",0,1.985,NA,NA,NA,NA,NA,NA,NA,NA,NA,NA,NA,NA,NA,NA,36.6775,-122.535166666667,NA
"63","20250417-OSWS-air-st-1",NA,"04.17.2025",NA,"stationary","OSWS","OSWS","eDNA","air","OSWS","marine","0","passive","0.22","1",NA,NA,"disk",2,"Spring2025",36.6775,-122.5351667,"0",0,1.985,NA,NA,NA,NA,NA,NA,NA,NA,NA,NA,NA,NA,NA,NA,36.6775,-122.535166666667,NA
"64","20250417-OSWS-air-st-2",NA,"04.17.2025",NA,"stationary","OSWS","OSWS","eDNA","air","OSWS","marine","0","passive","0.22","2",NA,NA,"disk",2,"Spring2025",36.6775,-122.5351667,"0",0,1.985,NA,NA,NA,NA,NA,NA,NA,NA,NA,NA,NA,NA,NA,NA,36.6775,-122.535166666667,NA
"65","20250417-OSWS-air-st-3",NA,"04.17.2025",NA,"stationary","OSWS","OSWS","eDNA","air","OSWS","marine","0","passive","0.22","3",NA,NA,"disk",2,"Spring2025",36.6775,-122.5351667,"0",0,1.985,NA,NA,NA,NA,NA,NA,NA,NA,NA,NA,NA,NA,NA,NA,36.6775,-122.535166666667,NA
"66","20250417-OSWS-torp-1",NA,"04.17.2025",NA,"transition",NA,NA,"eDNA","water","OSWS","marine","0","passive","20","1","3",NA,"disk",2,"Spring2025",36.6775,-122.5351667,"0",0,1.985,2,13.5681,13.5581,3.947846,3.94892,33.1046,33.1054,-0.5111,0.08772,6.6169,111.615,288.355,0,"SynchroOSW - Spring2025 - CTD - Synchro1.cnv",36.6775,-122.535166666667,0
"67","20250417-OSWS-torp-2",NA,"04.17.2025",NA,"transition",NA,NA,"eDNA","water","OSWS","marine","0","passive","20","2","3",NA,"disk",2,"Spring2025",36.6775,-122.5351667,"0",0,1.985,2,13.5681,13.5581,3.947846,3.94892,33.1046,33.1054,-0.5111,0.08772,6.6169,111.615,288.355,0,"SynchroOSW - Spring2025 - CTD - Synchro1.cnv",36.6775,-122.535166666667,0
"68","20250418-C1-010m-1","humpback surfaced","04.18.2025",NA,"stationary",NA,NA,"eDNA","water","C1","marine","10","active","0.22","1",NA,7,"Sterivex",2,"Spring2025",36.8045,-121.858,"10",10,1.985,2,12.2249,12.2247,3.870358,3.870054,33.535,33.5317,0.065,0.39046,6.5897,108.402,287.004,0,"SynchroOSW - Spring2025 - CTD - C1.cnv",36.8045,-121.858,10
"69","20250418-C1-010m-1b","back-up","04.18.2025",NA,"stationary",NA,NA,"eDNA","water","C1","marine","10","active","0.22","1",NA,7,"Sterivex",2,"Spring2025",36.8045,-121.858,"10",10,1.985,2,12.2249,12.2247,3.870358,3.870054,33.535,33.5317,0.065,0.39046,6.5897,108.402,287.004,0,"SynchroOSW - Spring2025 - CTD - C1.cnv",36.8045,-121.858,10
"70","20250418-C1-010m-2","humpback surfaced","04.18.2025",NA,"stationary",NA,NA,"eDNA","water","C1","marine","10","active","0.22","2",NA,8,"Sterivex",2,"Spring2025",36.8045,-121.858,"10",10,1.985,2,12.2249,12.2247,3.870358,3.870054,33.535,33.5317,0.065,0.39046,6.5897,108.402,287.004,0,"SynchroOSW - Spring2025 - CTD - C1.cnv",36.8045,-121.858,10
"71","20250418-C1-010m-2-2","humpback surfaced","04.18.2025",NA,"stationary",NA,NA,"eDNA","water","C1","marine","10","active",NA,"3",NA,9,"Sterivex",2,"Spring2025",36.8045,-121.858,"10",10,1.985,2,12.2249,12.2247,3.870358,3.870054,33.535,33.5317,0.065,0.39046,6.5897,108.402,287.004,0,"SynchroOSW - Spring2025 - CTD - C1.cnv",36.8045,-121.858,10
"72","20250418-C1-010m-2b","back-up","04.18.2025",NA,"stationary",NA,NA,"eDNA","water","C1","marine","10","active","0.22","2",NA,8,"Sterivex",2,"Spring2025",36.8045,-121.858,"10",10,1.985,2,12.2249,12.2247,3.870358,3.870054,33.535,33.5317,0.065,0.39046,6.5897,108.402,287.004,0,"SynchroOSW - Spring2025 - CTD - C1.cnv",36.8045,-121.858,10
"73","20250418-C1-010m-3b","back-up","04.18.2025",NA,"stationary",NA,NA,"eDNA","water","C1","marine","10","active",NA,"3",NA,9,"Sterivex",2,"Spring2025",36.8045,-121.858,"10",10,1.985,2,12.2249,12.2247,3.870358,3.870054,33.535,33.5317,0.065,0.39046,6.5897,108.402,287.004,0,"SynchroOSW - Spring2025 - CTD - C1.cnv",36.8045,-121.858,10
"74","20250418-C1-010m-4","in silica","04.18.2025",NA,"stationary",NA,NA,"eDNA","water","C1","marine","10","active","0.22","4",NA,10,"Sterivex",2,"Spring2025",36.8045,-121.858,"10",10,1.985,2,12.2249,12.2247,3.870358,3.870054,33.535,33.5317,0.065,0.39046,6.5897,108.402,287.004,0,"SynchroOSW - Spring2025 - CTD - C1.cnv",36.8045,-121.858,10
"75","20250418-C1-010m-4b","back-up","04.18.2025",NA,"stationary",NA,NA,"eDNA","water","C1","marine","10","active","0.22","4",NA,10,"Sterivex",2,"Spring2025",36.8045,-121.858,"10",10,1.985,2,12.2249,12.2247,3.870358,3.870054,33.535,33.5317,0.065,0.39046,6.5897,108.402,287.004,0,"SynchroOSW - Spring2025 - CTD - C1.cnv",36.8045,-121.858,10
"76","20250418-C1-010m-5","in silica","04.18.2025",NA,"stationary",NA,NA,"eDNA","water","C1","marine","10","active","0.22","5",NA,11,"Sterivex",2,"Spring2025",36.8045,-121.858,"10",10,1.985,2,12.2249,12.2247,3.870358,3.870054,33.535,33.5317,0.065,0.39046,6.5897,108.402,287.004,0,"SynchroOSW - Spring2025 - CTD - C1.cnv",36.8045,-121.858,10
"77","20250418-C1-010m-5b","back-up","04.18.2025",NA,"stationary",NA,NA,"eDNA","water","C1","marine","10","active","0.22","5",NA,11,"Sterivex",2,"Spring2025",36.8045,-121.858,"10",10,1.985,2,12.2249,12.2247,3.870358,3.870054,33.535,33.5317,0.065,0.39046,6.5897,108.402,287.004,0,"SynchroOSW - Spring2025 - CTD - C1.cnv",36.8045,-121.858,10
"78","20250418-C1-010m-6","in silica","04.18.2025",NA,"stationary",NA,NA,"eDNA","water","C1","marine","10","active","0.22","6",NA,12,"Sterivex",2,"Spring2025",36.8045,-121.858,"10",10,1.985,2,12.2249,12.2247,3.870358,3.870054,33.535,33.5317,0.065,0.39046,6.5897,108.402,287.004,0,"SynchroOSW - Spring2025 - CTD - C1.cnv",36.8045,-121.858,10
"79","20250418-C1-010m-6b","back-up","04.18.2025",NA,"stationary",NA,NA,"eDNA","water","C1","marine","10","active","0.22","6",NA,12,"Sterivex",2,"Spring2025",36.8045,-121.858,"10",10,1.985,2,12.2249,12.2247,3.870358,3.870054,33.535,33.5317,0.065,0.39046,6.5897,108.402,287.004,0,"SynchroOSW - Spring2025 - CTD - C1.cnv",36.8045,-121.858,10
"80","20250418-C1-017m-1","humpback surfaced","04.18.2025",NA,"stationary",NA,NA,"eDNA","water","C1","marine","17","active","0.22","1",NA,4,"Sterivex",2,"Spring2025",36.8045,-121.858,"17",17,1.985,2,12.2249,12.2247,3.870358,3.870054,33.535,33.5317,0.065,0.39046,6.5897,108.402,287.004,0,"SynchroOSW - Spring2025 - CTD - C1.cnv",36.8045,-121.858,17
"81","20250418-C1-017m-1b","back-up","04.18.2025",NA,"stationary",NA,NA,"eDNA","water","C1","marine","17","active","0.22","1",NA,4,"Sterivex",2,"Spring2025",36.8045,-121.858,"17",17,1.985,2,12.2249,12.2247,3.870358,3.870054,33.535,33.5317,0.065,0.39046,6.5897,108.402,287.004,0,"SynchroOSW - Spring2025 - CTD - C1.cnv",36.8045,-121.858,17
"82","20250418-C1-017m-2","humpback surfaced","04.18.2025",NA,"stationary",NA,NA,"eDNA","water","C1","marine","17","active","0.22","2",NA,5,"Sterivex",2,"Spring2025",36.8045,-121.858,"17",17,1.985,2,12.2249,12.2247,3.870358,3.870054,33.535,33.5317,0.065,0.39046,6.5897,108.402,287.004,0,"SynchroOSW - Spring2025 - CTD - C1.cnv",36.8045,-121.858,17
"83","20250418-C1-017m-2b","back-up","04.18.2025",NA,"stationary",NA,NA,"eDNA","water","C1","marine","17","active","0.22","2",NA,5,"Sterivex",2,"Spring2025",36.8045,-121.858,"17",17,1.985,2,12.2249,12.2247,3.870358,3.870054,33.535,33.5317,0.065,0.39046,6.5897,108.402,287.004,0,"SynchroOSW - Spring2025 - CTD - C1.cnv",36.8045,-121.858,17
"84","20250418-C1-017m-3","humpback surfaced","04.18.2025",NA,"stationary",NA,NA,"eDNA","water","C1","marine","17","active","0.22","3",NA,6,"Sterivex",2,"Spring2025",36.8045,-121.858,"17",17,1.985,2,12.2249,12.2247,3.870358,3.870054,33.535,33.5317,0.065,0.39046,6.5897,108.402,287.004,0,"SynchroOSW - Spring2025 - CTD - C1.cnv",36.8045,-121.858,17
"85","20250418-C1-017m-3b","back-up","04.18.2025",NA,"stationary",NA,NA,"eDNA","water","C1","marine","17","active","0.22","3",NA,6,"Sterivex",2,"Spring2025",36.8045,-121.858,"17",17,1.985,2,12.2249,12.2247,3.870358,3.870054,33.535,33.5317,0.065,0.39046,6.5897,108.402,287.004,0,"SynchroOSW - Spring2025 - CTD - C1.cnv",36.8045,-121.858,17
"86","20250418-C1-150m-1","humpback surfaced","04.18.2025",NA,"stationary",NA,NA,"eDNA","water","C1","marine","150","active","0.22","1",NA,1,"Sterivex",2,"Spring2025",36.8045,-121.858,"150",150,1.985,2,12.2249,12.2247,3.870358,3.870054,33.535,33.5317,0.065,0.39046,6.5897,108.402,287.004,0,"SynchroOSW - Spring2025 - CTD - C1.cnv",36.8045,-121.858,150
"87","20250418-C1-150m-1b","back-up","04.18.2025",NA,"stationary",NA,NA,"eDNA","water","C1","marine","150","active","0.22","1",NA,1,"Sterivex",2,"Spring2025",36.8045,-121.858,"150",150,1.985,2,12.2249,12.2247,3.870358,3.870054,33.535,33.5317,0.065,0.39046,6.5897,108.402,287.004,0,"SynchroOSW - Spring2025 - CTD - C1.cnv",36.8045,-121.858,150
"88","20250418-C1-150m-2","humpback surfaced","04.18.2025",NA,"stationary",NA,NA,"eDNA","water","C1","marine","150","active","0.22","2",NA,2,"Sterivex",2,"Spring2025",36.8045,-121.858,"150",150,1.985,2,12.2249,12.2247,3.870358,3.870054,33.535,33.5317,0.065,0.39046,6.5897,108.402,287.004,0,"SynchroOSW - Spring2025 - CTD - C1.cnv",36.8045,-121.858,150
"89","20250418-C1-150m-2b","back-up","04.18.2025",NA,"stationary",NA,NA,"eDNA","water","C1","marine","150","active","0.22","2",NA,2,"Sterivex",2,"Spring2025",36.8045,-121.858,"150",150,1.985,2,12.2249,12.2247,3.870358,3.870054,33.535,33.5317,0.065,0.39046,6.5897,108.402,287.004,0,"SynchroOSW - Spring2025 - CTD - C1.cnv",36.8045,-121.858,150
"90","20250418-C1-150m-3","humpback surfaced","04.18.2025",NA,"stationary",NA,NA,"eDNA","water","C1","marine","150","active","0.22","3",NA,3,"Sterivex",2,"Spring2025",36.8045,-121.858,"150",150,1.985,2,12.2249,12.2247,3.870358,3.870054,33.535,33.5317,0.065,0.39046,6.5897,108.402,287.004,0,"SynchroOSW - Spring2025 - CTD - C1.cnv",36.8045,-121.858,150
"91","20250418-C1-150m-3b","back-up","04.18.2025",NA,"stationary",NA,NA,"eDNA","water","C1","marine","150","active","0.22","3",NA,3,"Sterivex",2,"Spring2025",36.8045,-121.858,"150",150,1.985,2,12.2249,12.2247,3.870358,3.870054,33.535,33.5317,0.065,0.39046,6.5897,108.402,287.004,0,"SynchroOSW - Spring2025 - CTD - C1.cnv",36.8045,-121.858,150
"92","20250418-C1-air-st-1",NA,"04.18.2025",NA,"stationary","C1","C1","eDNA","air","C1","marine","0","passive","0.22","1",NA,NA,"disk",2,"Spring2025",36.8045,-121.858,"0",0,1.985,NA,NA,NA,NA,NA,NA,NA,NA,NA,NA,NA,NA,NA,NA,36.8045,-121.858,NA
"93","20250418-C1-air-st-2",NA,"04.18.2025",NA,"stationary","C1","C1","eDNA","air","C1","marine","0","passive","0.22","2",NA,NA,"disk",2,"Spring2025",36.8045,-121.858,"0",0,1.985,NA,NA,NA,NA,NA,NA,NA,NA,NA,NA,NA,NA,NA,NA,36.8045,-121.858,NA
"94","20250418-C1-air-st-3",NA,"04.18.2025",NA,"stationary","C1","C1","eDNA","air","C1","marine","0","passive","0.22","3",NA,NA,"disk",2,"Spring2025",36.8045,-121.858,"0",0,1.985,NA,NA,NA,NA,NA,NA,NA,NA,NA,NA,NA,NA,NA,NA,36.8045,-121.858,NA
"95","20250418-C1-torp-1",NA,"04.18.2025",NA,"stationary",NA,NA,"eDNA","water","C1","marine","0","passive","0.22","1","3",NA,"disk",2,"Spring2025",36.8045,-121.858,"0",0,1.985,2,12.2249,12.2247,3.870358,3.870054,33.535,33.5317,0.065,0.39046,6.5897,108.402,287.004,0,"SynchroOSW - Spring2025 - CTD - C1.cnv",36.8045,-121.858,0
"96","20250418-C1-torp-2",NA,"04.18.2025",NA,"stationary",NA,NA,"eDNA","water","C1","marine","0","passive","0.22","2","3",NA,"disk",2,"Spring2025",36.8045,-121.858,"0",0,1.985,2,12.2249,12.2247,3.870358,3.870054,33.535,33.5317,0.065,0.39046,6.5897,108.402,287.004,0,"SynchroOSW - Spring2025 - CTD - C1.cnv",36.8045,-121.858,0
"97","20250418-M2-010m-1",NA,"04.18.2025",NA,"stationary",NA,NA,"eDNA","water","M2","marine","10","active","0.22","1",NA,10,"Sterivex",2,"Spring2025",36.7015,-122.3743333,"10",10,1.986,2,12.4494,12.4512,3.828078,3.828103,32.9308,32.9273,-0.4651,0.058172,6.1778,101.717,269.198,0,"SynchroOSW - Spring2025 - CTD - M2.cnv",36.7015,-122.374333333333,10
"98","20250418-M2-010m-2",NA,"04.18.2025",NA,"stationary",NA,NA,"eDNA","water","M2","marine","10","active","0.22","2",NA,11,"Sterivex",2,"Spring2025",36.7015,-122.3743333,"10",10,1.986,2,12.4494,12.4512,3.828078,3.828103,32.9308,32.9273,-0.4651,0.058172,6.1778,101.717,269.198,0,"SynchroOSW - Spring2025 - CTD - M2.cnv",36.7015,-122.374333333333,10
"99","20250418-M2-010m-3",NA,"04.18.2025",NA,"stationary",NA,NA,"eDNA","water","M2","marine","10","active","0.22","3",NA,12,"Sterivex",2,"Spring2025",36.7015,-122.3743333,"10",10,1.986,2,12.4494,12.4512,3.828078,3.828103,32.9308,32.9273,-0.4651,0.058172,6.1778,101.717,269.198,0,"SynchroOSW - Spring2025 - CTD - M2.cnv",36.7015,-122.374333333333,10
"100","20250418-M2-050m-1",NA,"04.18.2025",NA,"stationary",NA,NA,"eDNA","water","M2","marine","50","active","0.22","1",NA,7,"Sterivex",2,"Spring2025",36.7015,-122.3743333,"50",50,1.986,2,12.4494,12.4512,3.828078,3.828103,32.9308,32.9273,-0.4651,0.058172,6.1778,101.717,269.198,0,"SynchroOSW - Spring2025 - CTD - M2.cnv",36.7015,-122.374333333333,50
"101","20250418-M2-050m-2",NA,"04.18.2025",NA,"stationary",NA,NA,"eDNA","water","M2","marine","50","active","0.22","2",NA,8,"Sterivex",2,"Spring2025",36.7015,-122.3743333,"50",50,1.986,2,12.4494,12.4512,3.828078,3.828103,32.9308,32.9273,-0.4651,0.058172,6.1778,101.717,269.198,0,"SynchroOSW - Spring2025 - CTD - M2.cnv",36.7015,-122.374333333333,50
"102","20250418-M2-050m-3",NA,"04.18.2025",NA,"stationary",NA,NA,"eDNA","water","M2","marine","50","active","0.22","3",NA,9,"Sterivex",2,"Spring2025",36.7015,-122.3743333,"50",50,1.986,2,12.4494,12.4512,3.828078,3.828103,32.9308,32.9273,-0.4651,0.058172,6.1778,101.717,269.198,0,"SynchroOSW - Spring2025 - CTD - M2.cnv",36.7015,-122.374333333333,50
"103","20250418-M2-150m-1",NA,"04.18.2025",NA,"stationary",NA,NA,"eDNA","water","M2","marine","150","active","0.22","1",NA,4,"Sterivex",2,"Spring2025",36.7015,-122.3743333,"150",150,1.986,2,12.4494,12.4512,3.828078,3.828103,32.9308,32.9273,-0.4651,0.058172,6.1778,101.717,269.198,0,"SynchroOSW - Spring2025 - CTD - M2.cnv",36.7015,-122.374333333333,150
"104","20250418-M2-150m-2",NA,"04.18.2025",NA,"stationary",NA,NA,"eDNA","water","M2","marine","150","active","0.22","2",NA,5,"Sterivex",2,"Spring2025",36.7015,-122.3743333,"150",150,1.986,2,12.4494,12.4512,3.828078,3.828103,32.9308,32.9273,-0.4651,0.058172,6.1778,101.717,269.198,0,"SynchroOSW - Spring2025 - CTD - M2.cnv",36.7015,-122.374333333333,150
"105","20250418-M2-150m-3",NA,"04.18.2025",NA,"stationary",NA,NA,"eDNA","water","M2","marine","150","active","0.22","3",NA,6,"Sterivex",2,"Spring2025",36.7015,-122.3743333,"150",150,1.986,2,12.4494,12.4512,3.828078,3.828103,32.9308,32.9273,-0.4651,0.058172,6.1778,101.717,269.198,0,"SynchroOSW - Spring2025 - CTD - M2.cnv",36.7015,-122.374333333333,150
"106","20250418-M2-300m-1",NA,"04.18.2025",NA,"stationary",NA,NA,"eDNA","water","M2","marine","300","active","0.22","1",NA,1,"Sterivex",2,"Spring2025",36.7015,-122.3743333,"300",300,1.986,2,12.4494,12.4512,3.828078,3.828103,32.9308,32.9273,-0.4651,0.058172,6.1778,101.717,269.198,0,"SynchroOSW - Spring2025 - CTD - M2.cnv",36.7015,-122.374333333333,300
"107","20250418-M2-300m-2",NA,"04.18.2025",NA,"stationary",NA,NA,"eDNA","water","M2","marine","300","active","0.22","2",NA,2,"Sterivex",2,"Spring2025",36.7015,-122.3743333,"300",300,1.986,2,12.4494,12.4512,3.828078,3.828103,32.9308,32.9273,-0.4651,0.058172,6.1778,101.717,269.198,0,"SynchroOSW - Spring2025 - CTD - M2.cnv",36.7015,-122.374333333333,300
"108","20250418-M2-300m-3",NA,"04.18.2025",NA,"stationary",NA,NA,"eDNA","water","M2","marine","300","active","0.22","3",NA,3,"Sterivex",2,"Spring2025",36.7015,-122.3743333,"300",300,1.986,2,12.4494,12.4512,3.828078,3.828103,32.9308,32.9273,-0.4651,0.058172,6.1778,101.717,269.198,0,"SynchroOSW - Spring2025 - CTD - M2.cnv",36.7015,-122.374333333333,300
"109","20250418-M2-torp-1",NA,"04.18.2025",NA,"stationary",NA,NA,"eDNA","water","M2","marine","0","passive","20","A","3 mins",NA,"disk",2,"Spring2025",36.7015,-122.3743333,"0",0,1.986,2,12.4494,12.4512,3.828078,3.828103,32.9308,32.9273,-0.4651,0.058172,6.1778,101.717,269.198,0,"SynchroOSW - Spring2025 - CTD - M2.cnv",36.7015,-122.374333333333,0
"110","20250418-M2-torp-2",NA,"04.18.2025",NA,"stationary",NA,NA,"eDNA","water","M2","marine","0","passive","20","B","3 mins",NA,"disk",2,"Spring2025",36.7015,-122.3743333,"0",0,1.986,2,12.4494,12.4512,3.828078,3.828103,32.9308,32.9273,-0.4651,0.058172,6.1778,101.717,269.198,0,"SynchroOSW - Spring2025 - CTD - M2.cnv",36.7015,-122.374333333333,0
"111","20250418-Mars-torp-test","Testing torp with Iron","04.18.2025",NA,"transition",NA,NA,"eDNA","water","MARS","marine","0","passive","20","2",NA,NA,"disk",2,"Spring2025",36.743,-122.1068333,"0",0,1.985,2,12.8605,12.8548,3.792083,3.792609,32.2355,32.2403,-0.9373,0.1035,6.3669,105.272,277.607,0,"SynchroOSW - Spring2025 - CTD - MARS.cnv",36.743,-122.106833333333,0
"112","20250722-ESe-23a",NA,"07.22.2025",11:50:00,"stationary",NA,NA,"eDNA","water","ELKHORN SLOUGH","estuary","0","active","0.22","1",NA,23,"disk",3,"Summer2025",36.8117,-121.77959,"0",0,NA,NA,NA,NA,NA,NA,NA,NA,NA,NA,NA,NA,NA,NA,NA,NA,NA,0
"113","20250722-ESe-23b",NA,"07.22.2025",11:50:00,"stationary",NA,NA,"eDNA","water","ELKHORN SLOUGH","estuary","0","active","0.22","2",NA,23,"disk",3,"Summer2025",36.8117,-121.77959,"0",0,NA,NA,NA,NA,NA,NA,NA,NA,NA,NA,NA,NA,NA,NA,NA,NA,NA,0
"114","20250722-ESe19a","torp","07.22.2025",11:50:00,"transition",NA,NA,"eDNA","water","ELKHORN SLOUGH","estuary","0","passive","20","1","1",19,"disk",3,"Summer2025",36.8117,-121.77959,"0",0,NA,NA,NA,NA,NA,NA,NA,NA,NA,NA,NA,NA,NA,NA,NA,NA,NA,0
"115","20250722-ESe19a-2","torp","07.22.2025",11:50:00,"transition",NA,NA,"eDNA","water","ELKHORN SLOUGH","estuary","0","passive","20","1","1",19,"disk",3,"Summer2025",36.8117,-121.77959,"0",0,NA,NA,NA,NA,NA,NA,NA,NA,NA,NA,NA,NA,NA,NA,NA,NA,NA,0
"116","20250722-ESe19b","torp","07.22.2025",11:50:00,"transition",NA,NA,"eDNA","water","ELKHORN SLOUGH","estuary","0","passive","20","2","1",19,"disk",3,"Summer2025",36.8117,-121.77959,"0",0,NA,NA,NA,NA,NA,NA,NA,NA,NA,NA,NA,NA,NA,NA,NA,NA,NA,0
"117","20250722-ESe20a",NA,"07.22.2025",11:50:00,"stationary",NA,NA,"eDNA","water","ELKHORN SLOUGH","estuary","0","active","0.22","1",NA,19,"disk",3,"Summer2025",36.8117,-121.77959,"0",0,NA,NA,NA,NA,NA,NA,NA,NA,NA,NA,NA,NA,NA,NA,NA,NA,NA,0
"118","20250722-ESe20b",NA,"07.22.2025",11:50:00,"stationary",NA,NA,"eDNA","water","ELKHORN SLOUGH","estuary","0","active","0.22","2",NA,20,"disk",3,"Summer2025",36.8117,-121.77959,"0",0,NA,NA,NA,NA,NA,NA,NA,NA,NA,NA,NA,NA,NA,NA,NA,NA,NA,0
"119","20250722-ESe20c",NA,"07.22.2025",11:50:00,"stationary",NA,NA,"eDNA","water","ELKHORN SLOUGH","estuary","0","active","0.22","3",NA,20,"disk",3,"Summer2025",36.8117,-121.77959,"0",0,NA,NA,NA,NA,NA,NA,NA,NA,NA,NA,NA,NA,NA,NA,NA,NA,NA,0
"120","20250722-ESe21a",NA,"07.22.2025",11:50:00,"stationary",NA,NA,"eDNA","water","ELKHORN SLOUGH","estuary","0","active","0.22","1",NA,20,"disk",3,"Summer2025",36.8117,-121.77959,"0",0,NA,NA,NA,NA,NA,NA,NA,NA,NA,NA,NA,NA,NA,NA,NA,NA,NA,0
"121","20250722-ESe21b",NA,"07.22.2025",11:50:00,"stationary",NA,NA,"eDNA","water","ELKHORN SLOUGH","estuary","0","active","0.22","2",NA,21,"disk",3,"Summer2025",36.8117,-121.77959,"0",0,NA,NA,NA,NA,NA,NA,NA,NA,NA,NA,NA,NA,NA,NA,NA,NA,NA,0
"122","20250722-ESe21c",NA,"07.22.2025",11:50:00,"stationary",NA,NA,"eDNA","water","ELKHORN SLOUGH","estuary","0","active","0.22","3",NA,21,"disk",3,"Summer2025",36.8117,-121.77959,"0",0,NA,NA,NA,NA,NA,NA,NA,NA,NA,NA,NA,NA,NA,NA,NA,NA,NA,0
"123","20250722-ESe22a",NA,"07.22.2025",11:50:00,"stationary",NA,NA,"eDNA","water","ELKHORN SLOUGH","estuary","0","active","0.22","1",NA,21,"disk",3,"Summer2025",36.8117,-121.77959,"0",0,NA,NA,NA,NA,NA,NA,NA,NA,NA,NA,NA,NA,NA,NA,NA,NA,NA,0
"124","20250722-ESe22b","20250722_Ese_22b","07.22.2025",11:50:00,"stationary",NA,NA,"eDNA","water","ELKHORN SLOUGH","estuary","0","active","0.22","2",NA,22,"disk",3,"Summer2025",36.8117,-121.77959,"0",0,NA,NA,NA,NA,NA,NA,NA,NA,NA,NA,NA,NA,NA,NA,NA,NA,NA,0
"125","20250722-ESe22c","20250722_Ese_22c","07.22.2025",11:50:00,"stationary",NA,NA,"eDNA","water","ELKHORN SLOUGH","estuary","0","active","0.22","3",NA,22,"disk",3,"Summer2025",36.8117,-121.77959,"0",0,NA,NA,NA,NA,NA,NA,NA,NA,NA,NA,NA,NA,NA,NA,NA,NA,NA,0
"126","20250723-M1-010M-1",NA,"07.23.2025",NA,"stationary",NA,NA,"eDNA","water","M1","marine","10","active","0.22","1",NA,NA,"Sterivex",3,"Summer2025",36.74166667,-122.0268333,"10",10,1.985,2,14.6648,14.6689,4.106165,4.100001,33.6045,33.5413,0.383,0.10192,5.9042,102.147,257.26,0,"SynchroOSW - Summer2025 - CTD - M1.cnv",36.7638333333333,-122.005666666667,10
"127","20250723-M1-010M-2",NA,"07.23.2025",NA,"stationary",NA,NA,"eDNA","water","M1","marine","10","active","0.22","2",NA,NA,"Sterivex",3,"Summer2025",36.74166667,-122.0268333,"10",10,1.985,2,14.6648,14.6689,4.106165,4.100001,33.6045,33.5413,0.383,0.10192,5.9042,102.147,257.26,0,"SynchroOSW - Summer2025 - CTD - M1.cnv",36.7638333333333,-122.005666666667,10
"128","20250723-M1-010M-3",NA,"07.23.2025",NA,"stationary",NA,NA,"eDNA","water","M1","marine","10","active","0.22","3",NA,NA,"Sterivex",3,"Summer2025",36.74166667,-122.0268333,"10",10,1.985,2,14.6648,14.6689,4.106165,4.100001,33.6045,33.5413,0.383,0.10192,5.9042,102.147,257.26,0,"SynchroOSW - Summer2025 - CTD - M1.cnv",36.7638333333333,-122.005666666667,10
"129","20250723-M1-016m-1","Deep Chl max","07.23.2025",NA,"stationary",NA,NA,"eDNA","water","M1","marine","16","active","0.22","1",NA,NA,"Sterivex",3,"Summer2025",36.74166667,-122.0268333,"16",16,1.985,2,14.6648,14.6689,4.106165,4.100001,33.6045,33.5413,0.383,0.10192,5.9042,102.147,257.26,0,"SynchroOSW - Summer2025 - CTD - M1.cnv",36.7638333333333,-122.005666666667,16
"130","20250723-M1-016m-2","Deep Chl max","07.23.2025",NA,"stationary",NA,NA,"eDNA","water","M1","marine","16","active","0.22","2",NA,NA,"Sterivex",3,"Summer2025",36.74166667,-122.0268333,"16",16,1.985,2,14.6648,14.6689,4.106165,4.100001,33.6045,33.5413,0.383,0.10192,5.9042,102.147,257.26,0,"SynchroOSW - Summer2025 - CTD - M1.cnv",36.7638333333333,-122.005666666667,16
"131","20250723-M1-016m-3","Deep Chl max","07.23.2025",NA,"stationary",NA,NA,"eDNA","water","M1","marine","16","active","0.22","3",NA,NA,"Sterivex",3,"Summer2025",36.74166667,-122.0268333,"16",16,1.985,2,14.6648,14.6689,4.106165,4.100001,33.6045,33.5413,0.383,0.10192,5.9042,102.147,257.26,0,"SynchroOSW - Summer2025 - CTD - M1.cnv",36.7638333333333,-122.005666666667,16
"132","20250723-M1-150m-1",NA,"07.23.2025",NA,"stationary",NA,NA,"eDNA","water","M1","marine","150","active","0.22","1",NA,NA,"Sterivex",3,"Summer2025",36.74166667,-122.0268333,"150",150,1.985,2,14.6648,14.6689,4.106165,4.100001,33.6045,33.5413,0.383,0.10192,5.9042,102.147,257.26,0,"SynchroOSW - Summer2025 - CTD - M1.cnv",36.7638333333333,-122.005666666667,150
"133","20250723-M1-150m-2",NA,"07.23.2025",NA,"stationary",NA,NA,"eDNA","water","M1","marine","150","active","0.22","2",NA,NA,"Sterivex",3,"Summer2025",36.74166667,-122.0268333,"150",150,1.985,2,14.6648,14.6689,4.106165,4.100001,33.6045,33.5413,0.383,0.10192,5.9042,102.147,257.26,0,"SynchroOSW - Summer2025 - CTD - M1.cnv",36.7638333333333,-122.005666666667,150
"134","20250723-M1-150m-3",NA,"07.23.2025",NA,"stationary",NA,NA,"eDNA","water","M1","marine","150","active","0.22","3",NA,NA,"Sterivex",3,"Summer2025",36.74166667,-122.0268333,"150",150,1.985,2,14.6648,14.6689,4.106165,4.100001,33.6045,33.5413,0.383,0.10192,5.9042,102.147,257.26,0,"SynchroOSW - Summer2025 - CTD - M1.cnv",36.7638333333333,-122.005666666667,150
"135","20250723-M1-300m-1",NA,"07.23.2025",NA,"stationary",NA,NA,"eDNA","water","M1","marine","300","active","0.22","1",NA,NA,"Sterivex",3,"Summer2025",36.74166667,-122.0268333,"300",300,1.985,2,14.6648,14.6689,4.106165,4.100001,33.6045,33.5413,0.383,0.10192,5.9042,102.147,257.26,0,"SynchroOSW - Summer2025 - CTD - M1.cnv",36.7638333333333,-122.005666666667,300
"136","20250723-M1-300m-2",NA,"07.23.2025",NA,"stationary",NA,NA,"eDNA","water","M1","marine","300","active","0.22","2",NA,NA,"Sterivex",3,"Summer2025",36.74166667,-122.0268333,"300",300,1.985,2,14.6648,14.6689,4.106165,4.100001,33.6045,33.5413,0.383,0.10192,5.9042,102.147,257.26,0,"SynchroOSW - Summer2025 - CTD - M1.cnv",36.7638333333333,-122.005666666667,300
"137","20250723-M1-300m-3",NA,"07.23.2025",NA,"stationary",NA,NA,"eDNA","water","M1","marine","300","active","0.22","3",NA,NA,"Sterivex",3,"Summer2025",36.74166667,-122.0268333,"300",300,1.985,2,14.6648,14.6689,4.106165,4.100001,33.6045,33.5413,0.383,0.10192,5.9042,102.147,257.26,0,"SynchroOSW - Summer2025 - CTD - M1.cnv",36.7638333333333,-122.005666666667,300
"138","20250723-M1-air-st-A","deployed for 20 mins","07.23.2025",NA,"stationary","M1","M1","eDNA","air","M1","marine","0","passive","0.22","1",NA,NA,"disk",3,"Summer2025",36.74166667,-122.0268333,"0",0,1.985,NA,NA,NA,NA,NA,NA,NA,NA,NA,NA,NA,NA,NA,NA,36.7638333333333,-122.005666666667,NA
"139","20250723-M1-air-st-B","deployed for 20 mins","07.23.2025",NA,"stationary","M1","M1","eDNA","air","M1","marine","0","passive","0.22","2",NA,NA,"disk",3,"Summer2025",36.74166667,-122.0268333,"0",0,1.985,NA,NA,NA,NA,NA,NA,NA,NA,NA,NA,NA,NA,NA,NA,36.7638333333333,-122.005666666667,NA
"140","20250723-M1-air-st-C","deployed for 20 mins","07.23.2025",NA,"stationary","M1","M1","eDNA","air","M1","marine","0","passive","0.22","3",NA,NA,"disk",3,"Summer2025",36.74166667,-122.0268333,"0",0,1.985,NA,NA,NA,NA,NA,NA,NA,NA,NA,NA,NA,NA,NA,NA,36.7638333333333,-122.005666666667,NA
"141","20250723-M1-torp-A",NA,"07.23.2025",NA,"transition",NA,NA,"eDNA","water","M1","marine","0","passive","20","1",NA,NA,"disk",3,"Summer2025",36.74166667,-122.0268333,"0",0,1.985,2,14.6648,14.6689,4.106165,4.100001,33.6045,33.5413,0.383,0.10192,5.9042,102.147,257.26,0,"SynchroOSW - Summer2025 - CTD - M1.cnv",36.7638333333333,-122.005666666667,0
"142","20250723-M1-torp-B",NA,"07.23.2025",NA,"transition",NA,NA,"eDNA","water","M1","marine","0","passive","20","2",NA,NA,"disk",3,"Summer2025",36.74166667,-122.0268333,"0",0,1.985,2,14.6648,14.6689,4.106165,4.100001,33.6045,33.5413,0.383,0.10192,5.9042,102.147,257.26,0,"SynchroOSW - Summer2025 - CTD - M1.cnv",36.7638333333333,-122.005666666667,0
"143","20250723-ML-M1-air-A","mainland to M1","07.23.2025",NA,"transition","ML","M1","eDNA","air","M1","marine","0","passive","0.22","1",NA,NA,"disk",3,"Summer2025",36.74166667,-122.0268333,"0",0,1.985,NA,NA,NA,NA,NA,NA,NA,NA,NA,NA,NA,NA,NA,NA,36.7638333333333,-122.005666666667,NA
"144","20250723-ML-M1-air-B","mainland to M1","07.23.2025",NA,"transition","ML","M1","eDNA","air","M1","marine","0","passive","0.22","2",NA,NA,"disk",3,"Summer2025",36.74166667,-122.0268333,"0",0,1.985,NA,NA,NA,NA,NA,NA,NA,NA,NA,NA,NA,NA,NA,NA,36.7638333333333,-122.005666666667,NA
"145","20250723-ML-M1-air-C","mainland to M1","07.23.2025",NA,"transition","ML","M1","eDNA","air","M1","marine","0","passive","0.22","3",NA,NA,"disk",3,"Summer2025",36.74166667,-122.0268333,"0",0,1.985,NA,NA,NA,NA,NA,NA,NA,NA,NA,NA,NA,NA,NA,NA,36.7638333333333,-122.005666666667,NA
"146","20250723-OSWS-010m-1",NA,"07.23.2025",NA,"stationary",NA,NA,"eDNA","water","OSWS","marine","10","active","0.22","1",NA,NA,"Sterivex",3,"Summer2025",36.6775,-122.53517,"10",10,1.985,2,14.7745,14.791,4.122659,4.123172,33.6892,33.6535,1.3721,0.37702,6.9659,120.842,303.507,0,"SynchroOSW - Summer2025 - CTD - Synchro1.cnv",36.6915,-122.478333333333,10
"147","20250723-OSWS-010m-2",NA,"07.23.2025",NA,"stationary",NA,NA,"eDNA","water","OSWS","marine","150","active","0.22","2",NA,NA,"Sterivex",3,"Summer2025",36.6775,-122.53517,"150",150,1.985,2,14.7745,14.791,4.122659,4.123172,33.6892,33.6535,1.3721,0.37702,6.9659,120.842,303.507,0,"SynchroOSW - Summer2025 - CTD - Synchro1.cnv",36.6915,-122.478333333333,150
"148","20250723-OSWS-010m-3",NA,"07.23.2025",NA,"stationary",NA,NA,"eDNA","water","OSWS","marine","150","active","0.22","3",NA,NA,"Sterivex",3,"Summer2025",36.6775,-122.53517,"150",150,1.985,2,14.7745,14.791,4.122659,4.123172,33.6892,33.6535,1.3721,0.37702,6.9659,120.842,303.507,0,"SynchroOSW - Summer2025 - CTD - Synchro1.cnv",36.6915,-122.478333333333,150
"149","20250723-OSWS-010m-4",NA,"07.23.2025",NA,"stationary",NA,NA,"eDNA","water","OSWS","marine","150","active","0.22","4",NA,NA,"Sterivex",3,"Summer2025",36.6775,-122.53517,"150",150,1.985,2,14.7745,14.791,4.122659,4.123172,33.6892,33.6535,1.3721,0.37702,6.9659,120.842,303.507,0,"SynchroOSW - Summer2025 - CTD - Synchro1.cnv",36.6915,-122.478333333333,150
"150","20250723-OSWS-010m-5",NA,"07.23.2025",NA,"stationary",NA,NA,"eDNA","water","OSWS","marine","300","active","0.22","5",NA,NA,"Sterivex",3,"Summer2025",36.6775,-122.53517,"300",300,1.985,2,14.7745,14.791,4.122659,4.123172,33.6892,33.6535,1.3721,0.37702,6.9659,120.842,303.507,0,"SynchroOSW - Summer2025 - CTD - Synchro1.cnv",36.6915,-122.478333333333,300
"151","20250723-OSWS-010m-6",NA,"07.23.2025",NA,"stationary",NA,NA,"eDNA","water","OSWS","marine","300","active","0.22","6",NA,NA,"Sterivex",3,"Summer2025",36.6775,-122.53517,"300",300,1.985,2,14.7745,14.791,4.122659,4.123172,33.6892,33.6535,1.3721,0.37702,6.9659,120.842,303.507,0,"SynchroOSW - Summer2025 - CTD - Synchro1.cnv",36.6915,-122.478333333333,300
"152","20250723-OSWS-150m-1",NA,"07.23.2025",NA,"stationary",NA,NA,"eDNA","water","OSWS","marine","10","active","0.22","1",NA,NA,"Sterivex",3,"Summer2025",36.6775,-122.53517,"10",10,1.985,2,14.7745,14.791,4.122659,4.123172,33.6892,33.6535,1.3721,0.37702,6.9659,120.842,303.507,0,"SynchroOSW - Summer2025 - CTD - Synchro1.cnv",36.6915,-122.478333333333,10
"153","20250723-OSWS-150m-2",NA,"07.23.2025",NA,"stationary",NA,NA,"eDNA","water","OSWS","marine","10","active","0.22","2",NA,NA,"Sterivex",3,"Summer2025",36.6775,-122.53517,"10",10,1.985,2,14.7745,14.791,4.122659,4.123172,33.6892,33.6535,1.3721,0.37702,6.9659,120.842,303.507,0,"SynchroOSW - Summer2025 - CTD - Synchro1.cnv",36.6915,-122.478333333333,10
"154","20250723-OSWS-150m-3",NA,"07.23.2025",NA,"stationary",NA,NA,"eDNA","water","OSWS","marine","10","active","0.22","3",NA,NA,"Sterivex",3,"Summer2025",36.6775,-122.53517,"10",10,1.985,2,14.7745,14.791,4.122659,4.123172,33.6892,33.6535,1.3721,0.37702,6.9659,120.842,303.507,0,"SynchroOSW - Summer2025 - CTD - Synchro1.cnv",36.6915,-122.478333333333,10
"155","20250723-OSWS-300m-1",NA,"07.23.2025",NA,"stationary",NA,NA,"eDNA","water","OSWS","marine","10","active","0.22","1",NA,NA,"Sterivex",3,"Summer2025",36.6775,-122.53517,"10",10,1.985,2,14.7745,14.791,4.122659,4.123172,33.6892,33.6535,1.3721,0.37702,6.9659,120.842,303.507,0,"SynchroOSW - Summer2025 - CTD - Synchro1.cnv",36.6915,-122.478333333333,10
"156","20250723-OSWS-300m-2",NA,"07.23.2025",NA,"stationary",NA,NA,"eDNA","water","OSWS","marine","10","active","0.22","3",NA,NA,"Sterivex",3,"Summer2025",36.6775,-122.53517,"10",10,1.985,2,14.7745,14.791,4.122659,4.123172,33.6892,33.6535,1.3721,0.37702,6.9659,120.842,303.507,0,"SynchroOSW - Summer2025 - CTD - Synchro1.cnv",36.6915,-122.478333333333,10
"157","20250723-OSWS-300m-2-b","duplicate","07.23.2025",NA,"stationary",NA,NA,"eDNA","water","OSWS","marine","10","active","0.22","4",NA,NA,"Sterivex",3,"Summer2025",36.6775,-122.53517,"10",10,1.985,2,14.7745,14.791,4.122659,4.123172,33.6892,33.6535,1.3721,0.37702,6.9659,120.842,303.507,0,"SynchroOSW - Summer2025 - CTD - Synchro1.cnv",36.6915,-122.478333333333,10
"158","20250723-OSWS-300m-3",NA,"07.23.2025",NA,"stationary",NA,NA,"eDNA","water","OSWS","marine","10","active","0.22","2",NA,NA,"Sterivex",3,"Summer2025",36.6775,-122.53517,"10",10,1.985,2,14.7745,14.791,4.122659,4.123172,33.6892,33.6535,1.3721,0.37702,6.9659,120.842,303.507,0,"SynchroOSW - Summer2025 - CTD - Synchro1.cnv",36.6915,-122.478333333333,10
"159","20250723-OSWS-air-1","transition","07.23.2025",NA,"transition","M1","OSWS","eDNA","air","OSWS","marine","300","active","0.22","1",NA,NA,"Sterivex",3,"Summer2025",36.6775,-122.53517,"300",300,1.985,NA,NA,NA,NA,NA,NA,NA,NA,NA,NA,NA,NA,NA,NA,36.6915,-122.478333333333,NA
"160","20250723-OSWS-air-2","transition","07.23.2025",NA,"transition","M1","OSWS","eDNA","air","OSWS","marine","0","passive","0.22","2",NA,NA,"disk",3,"Summer2025",36.6775,-122.53517,"0",0,1.985,NA,NA,NA,NA,NA,NA,NA,NA,NA,NA,NA,NA,NA,NA,36.6915,-122.478333333333,NA
"161","20250723-OSWS-air-3","transition","07.23.2025",NA,"transition","M1","OSWS","eDNA","air","OSWS","marine","0","passive","0.22","3",NA,NA,"disk",3,"Summer2025",36.6775,-122.53517,"0",0,1.985,NA,NA,NA,NA,NA,NA,NA,NA,NA,NA,NA,NA,NA,NA,36.6915,-122.478333333333,NA
"162","20250723-OSWS-air-st-1",NA,"07.23.2025",NA,"stationary","OSWS","OSWS","eDNA","air","OSWS","marine","0","passive","0.22","1",NA,NA,"disk",3,"Summer2025",36.6775,-122.53517,"0",0,1.985,NA,NA,NA,NA,NA,NA,NA,NA,NA,NA,NA,NA,NA,NA,36.6915,-122.478333333333,NA
"163","20250723-OSWS-air-st-2",NA,"07.23.2025",NA,"stationary","OSWS","OSWS","eDNA","air","OSWS","marine","0","passive","0.22","2",NA,NA,"disk",3,"Summer2025",36.6775,-122.53517,"0",0,1.985,NA,NA,NA,NA,NA,NA,NA,NA,NA,NA,NA,NA,NA,NA,36.6915,-122.478333333333,NA
"164","20250723-OSWS-air-st-3",NA,"07.23.2025",NA,"stationary","OSWS","OSWS","eDNA","air","OSWS","marine","0","passive","0.22","3",NA,NA,"disk",3,"Summer2025",36.6775,-122.53517,"0",0,1.985,NA,NA,NA,NA,NA,NA,NA,NA,NA,NA,NA,NA,NA,NA,36.6915,-122.478333333333,NA
"165","20250723-OSWS-torp-1","O-Ring not sealed","07.23.2025",NA,"transition",NA,NA,"eDNA","water","OSWS","marine","0","passive","20","1",NA,NA,"disk",3,"Summer2025",36.6775,-122.53517,"0",0,1.985,2,14.7745,14.791,4.122659,4.123172,33.6892,33.6535,1.3721,0.37702,6.9659,120.842,303.507,0,"SynchroOSW - Summer2025 - CTD - Synchro1.cnv",36.6915,-122.478333333333,0
"166","20250723-OSWS-torp-2",NA,"07.23.2025",NA,"transition",NA,NA,"eDNA","water","OSWS","marine","0","passive","20","2",NA,NA,"disk",3,"Summer2025",36.6775,-122.53517,"0",0,1.985,2,14.7745,14.791,4.122659,4.123172,33.6892,33.6535,1.3721,0.37702,6.9659,120.842,303.507,0,"SynchroOSW - Summer2025 - CTD - Synchro1.cnv",36.6915,-122.478333333333,0
"167","20250724-C1-010m-1",NA,"07.24.2025",NA,"stationary",NA,NA,"eDNA","water","C1","marine","10","active","0.22","1",NA,NA,"Sterivex",3,"Summer2025",36.8045,-121.858,"10",10,1.985,2,15.4823,15.4541,4.195071,4.192757,33.7507,33.7146,0.8509,0.25977,7.0066,123.321,305.31,0,"SynchroOSW - Summer2025 - CTD - C1.cnv",36.7981666666667,-121.8545,10
"168","20250724-C1-010m-2",NA,"07.24.2025",NA,"stationary",NA,NA,"eDNA","water","C1","marine","10","active","0.22","2",NA,NA,"Sterivex",3,"Summer2025",36.8045,-121.858,"10",10,1.985,2,15.4823,15.4541,4.195071,4.192757,33.7507,33.7146,0.8509,0.25977,7.0066,123.321,305.31,0,"SynchroOSW - Summer2025 - CTD - C1.cnv",36.7981666666667,-121.8545,10
"169","20250724-C1-010m-3",NA,"07.24.2025",NA,"stationary",NA,NA,"eDNA","water","C1","marine","10","active","0.22","3",NA,NA,"Sterivex",3,"Summer2025",36.8045,-121.858,"10",10,1.985,2,15.4823,15.4541,4.195071,4.192757,33.7507,33.7146,0.8509,0.25977,7.0066,123.321,305.31,0,"SynchroOSW - Summer2025 - CTD - C1.cnv",36.7981666666667,-121.8545,10
"170","20250724-C1-010m-4","Deep Chl max","07.24.2025",NA,"stationary",NA,NA,"eDNA","water","C1","marine","10","active","0.22","4",NA,NA,"Sterivex",3,"Summer2025",36.8045,-121.858,"10",10,1.985,2,15.4823,15.4541,4.195071,4.192757,33.7507,33.7146,0.8509,0.25977,7.0066,123.321,305.31,0,"SynchroOSW - Summer2025 - CTD - C1.cnv",36.7981666666667,-121.8545,10
"171","20250724-C1-010m-5","Deep Chl max","07.24.2025",NA,"stationary",NA,NA,"eDNA","water","C1","marine","10","active","0.22","5",NA,NA,"Sterivex",3,"Summer2025",36.8045,-121.858,"10",10,1.985,2,15.4823,15.4541,4.195071,4.192757,33.7507,33.7146,0.8509,0.25977,7.0066,123.321,305.31,0,"SynchroOSW - Summer2025 - CTD - C1.cnv",36.7981666666667,-121.8545,10
"172","20250724-C1-010m-6","Deep Chl max","07.24.2025",NA,"stationary",NA,NA,"eDNA","water","C1","marine","10","active","0.22","6",NA,NA,"Sterivex",3,"Summer2025",36.8045,-121.858,"10",10,1.985,2,15.4823,15.4541,4.195071,4.192757,33.7507,33.7146,0.8509,0.25977,7.0066,123.321,305.31,0,"SynchroOSW - Summer2025 - CTD - C1.cnv",36.7981666666667,-121.8545,10
"173","20250724-C1-010m-7",NA,"07.24.2025",NA,"stationary",NA,NA,"eDNA","water","C1","marine","10","active","0.22","7",NA,NA,"Sterivex",3,"Summer2025",36.8045,-121.858,"10",10,1.985,2,15.4823,15.4541,4.195071,4.192757,33.7507,33.7146,0.8509,0.25977,7.0066,123.321,305.31,0,"SynchroOSW - Summer2025 - CTD - C1.cnv",36.7981666666667,-121.8545,10
"174","20250724-C1-010m-8",NA,"07.24.2025",NA,"stationary",NA,NA,"eDNA","water","C1","marine","10","active","0.22","8",NA,NA,"Sterivex",3,"Summer2025",36.8045,-121.858,"10",10,1.985,2,15.4823,15.4541,4.195071,4.192757,33.7507,33.7146,0.8509,0.25977,7.0066,123.321,305.31,0,"SynchroOSW - Summer2025 - CTD - C1.cnv",36.7981666666667,-121.8545,10
"175","20250724-C1-010m-9",NA,"07.24.2025",NA,"stationary",NA,NA,"eDNA","water","C1","marine","10","active","0.22","9",NA,NA,"Sterivex",3,"Summer2025",36.8045,-121.858,"10",10,1.985,2,15.4823,15.4541,4.195071,4.192757,33.7507,33.7146,0.8509,0.25977,7.0066,123.321,305.31,0,"SynchroOSW - Summer2025 - CTD - C1.cnv",36.7981666666667,-121.8545,10
"176","20250724-C1-150m-1",NA,"07.24.2025",NA,"stationary",NA,NA,"eDNA","water","C1","marine","150","active","0.22","1",NA,NA,"Sterivex",3,"Summer2025",36.8045,-121.858,"150",150,1.985,2,15.4823,15.4541,4.195071,4.192757,33.7507,33.7146,0.8509,0.25977,7.0066,123.321,305.31,0,"SynchroOSW - Summer2025 - CTD - C1.cnv",36.7981666666667,-121.8545,150
"177","20250724-C1-150m-2",NA,"07.24.2025",NA,"stationary",NA,NA,"eDNA","water","C1","marine","150","active","0.22","2",NA,NA,"Sterivex",3,"Summer2025",36.8045,-121.858,"150",150,1.985,2,15.4823,15.4541,4.195071,4.192757,33.7507,33.7146,0.8509,0.25977,7.0066,123.321,305.31,0,"SynchroOSW - Summer2025 - CTD - C1.cnv",36.7981666666667,-121.8545,150
"178","20250724-C1-150m-3",NA,"07.24.2025",NA,"stationary",NA,NA,"eDNA","water","C1","marine","150","active","0.22","3",NA,NA,"Sterivex",3,"Summer2025",36.8045,-121.858,"150",150,1.985,2,15.4823,15.4541,4.195071,4.192757,33.7507,33.7146,0.8509,0.25977,7.0066,123.321,305.31,0,"SynchroOSW - Summer2025 - CTD - C1.cnv",36.7981666666667,-121.8545,150
"179","20250724-C1-air-st-1",NA,"07.24.2025",NA,"stationary","C1","C1","eDNA","air","C1","marine","0","passive","0.22","1",NA,NA,"disk",3,"Summer2025",36.8045,-121.858,"0",0,1.985,NA,NA,NA,NA,NA,NA,NA,NA,NA,NA,NA,NA,NA,NA,36.7981666666667,-121.8545,NA
"180","20250724-C1-air-st-2",NA,"07.24.2025",NA,"stationary","C1","C1","eDNA","air","C1","marine","0","passive","0.22","2",NA,NA,"disk",3,"Summer2025",36.8045,-121.858,"0",0,1.985,NA,NA,NA,NA,NA,NA,NA,NA,NA,NA,NA,NA,NA,NA,36.7981666666667,-121.8545,NA
"181","20250724-C1-air-st-3",NA,"07.24.2025",NA,"stationary","C1","C1","eDNA","air","C1","marine","0","passive","0.22","3",NA,NA,"disk",3,"Summer2025",36.8045,-121.858,"0",0,1.985,NA,NA,NA,NA,NA,NA,NA,NA,NA,NA,NA,NA,NA,NA,36.7981666666667,-121.8545,NA
"182","20250724-C1-M2-air-1",NA,"07.24.2025",NA,"transition","C1","M2","eDNA","air","C1","marine","10","passive","0.22","1",NA,NA,"disk",3,"Summer2025",36.8045,-121.858,"10",10,1.985,NA,NA,NA,NA,NA,NA,NA,NA,NA,NA,NA,NA,NA,NA,36.7981666666667,-121.8545,NA
"183","20250724-C1-M2-air-2",NA,"07.24.2025",NA,"transition","C1","M2","eDNA","air","C1","marine","0","passive","0.22","2",NA,NA,"disk",3,"Summer2025",36.8045,-121.858,"0",0,1.985,NA,NA,NA,NA,NA,NA,NA,NA,NA,NA,NA,NA,NA,NA,36.7981666666667,-121.8545,NA
"184","20250724-C1-M2-air-3",NA,"07.24.2025",NA,"transition","C1","M2","eDNA","air","C1","marine","0","passive","0.22","3",NA,NA,"disk",3,"Summer2025",36.8045,-121.858,"0",0,1.985,NA,NA,NA,NA,NA,NA,NA,NA,NA,NA,NA,NA,NA,NA,36.7981666666667,-121.8545,NA
"185","20250724-M1-C-torp-A","torp","10.28.2025",NA,"transition",NA,NA,"eDNA","water","M2","marine","0","passive","0.22","1","3",NA,"disk",4,"Fall2025",36.8,-121.8562,"0",0,1.985,2,15.9509,15.9514,4.20488,4.202094,33.391,33.3653,1.1855,0.03813,5.2256,92.62,227.79,0,"SynchroOSW - Fall 2025 - M2.cnv",36.7128333333333,-122.304,0
"186","20250724-M1-C-torp-B","torp","10.28.2025",NA,"transition",NA,NA,"eDNA","water","M2","marine","0","passive","0.22","2","3",NA,"disk",4,"Fall2025",36.8,-121.8562,"0",0,1.985,2,15.9509,15.9514,4.20488,4.202094,33.391,33.3653,1.1855,0.03813,5.2256,92.62,227.79,0,"SynchroOSW - Fall 2025 - M2.cnv",36.7128333333333,-122.304,0
"187","20250724-M2-003m-1","Deep Chl max","07.24.2025",NA,"stationary",NA,NA,"eDNA","water","M2","marine","3","active","0.22","1",NA,NA,"Sterivex",3,"Summer2025",36.7015,-122.3743333,"3",3,1.985,2,13.9157,13.8917,4.038756,4.042132,33.7135,33.7005,1.4711,0.69532,6.5785,112.196,286.572,0,"SynchroOSW - Summer2025 - CTD - M2.cnv",36.71,-122.312333333333,3
"188","20250724-M2-003m-2","Deep Chl max","07.24.2025",NA,"stationary",NA,NA,"eDNA","water","M2","marine","3","active","0.22","2",NA,NA,"Sterivex",3,"Summer2025",36.7015,-122.3743333,"3",3,1.985,2,13.9157,13.8917,4.038756,4.042132,33.7135,33.7005,1.4711,0.69532,6.5785,112.196,286.572,0,"SynchroOSW - Summer2025 - CTD - M2.cnv",36.71,-122.312333333333,3
"189","20250724-M2-003m-3","Deep Chl max","07.24.2025",NA,"stationary",NA,NA,"eDNA","water","M2","marine","3","active","0.22","3",NA,NA,"Sterivex",3,"Summer2025",36.7015,-122.3743333,"3",3,1.985,2,13.9157,13.8917,4.038756,4.042132,33.7135,33.7005,1.4711,0.69532,6.5785,112.196,286.572,0,"SynchroOSW - Summer2025 - CTD - M2.cnv",36.71,-122.312333333333,3
"190","20250724-M2-010m-1",NA,"07.24.2025",NA,"stationary",NA,NA,"eDNA","water","M2","marine","10","active","0.22","1",NA,NA,"Sterivex",3,"Summer2025",36.7015,-122.3743333,"10",10,1.985,2,13.9157,13.8917,4.038756,4.042132,33.7135,33.7005,1.4711,0.69532,6.5785,112.196,286.572,0,"SynchroOSW - Summer2025 - CTD - M2.cnv",36.71,-122.312333333333,10
"191","20250724-M2-010m-2",NA,"07.24.2025",NA,"stationary",NA,NA,"eDNA","water","M2","marine","10","active","0.22","2",NA,NA,"Sterivex",3,"Summer2025",36.7015,-122.3743333,"10",10,1.985,2,13.9157,13.8917,4.038756,4.042132,33.7135,33.7005,1.4711,0.69532,6.5785,112.196,286.572,0,"SynchroOSW - Summer2025 - CTD - M2.cnv",36.71,-122.312333333333,10
"192","20250724-M2-010m-3",NA,"07.24.2025",NA,"stationary",NA,NA,"eDNA","water","M2","marine","10","active","0.22","3",NA,NA,"Sterivex",3,"Summer2025",36.7015,-122.3743333,"10",10,1.985,2,13.9157,13.8917,4.038756,4.042132,33.7135,33.7005,1.4711,0.69532,6.5785,112.196,286.572,0,"SynchroOSW - Summer2025 - CTD - M2.cnv",36.71,-122.312333333333,10
"193","20250724-M2-150m-1",NA,"07.24.2025",NA,"stationary",NA,NA,"eDNA","water","M2","marine","150","active","0.22","1",NA,NA,"Sterivex",3,"Summer2025",36.7015,-122.3743333,"150",150,1.985,2,13.9157,13.8917,4.038756,4.042132,33.7135,33.7005,1.4711,0.69532,6.5785,112.196,286.572,0,"SynchroOSW - Summer2025 - CTD - M2.cnv",36.71,-122.312333333333,150
"194","20250724-M2-150m-2",NA,"07.24.2025",NA,"stationary",NA,NA,"eDNA","water","M2","marine","150","active","0.22","2",NA,NA,"Sterivex",3,"Summer2025",36.7015,-122.3743333,"150",150,1.985,2,13.9157,13.8917,4.038756,4.042132,33.7135,33.7005,1.4711,0.69532,6.5785,112.196,286.572,0,"SynchroOSW - Summer2025 - CTD - M2.cnv",36.71,-122.312333333333,150
"195","20250724-M2-150m-3",NA,"07.24.2025",NA,"stationary",NA,NA,"eDNA","water","M2","marine","150","active","0.22","3",NA,NA,"Sterivex",3,"Summer2025",36.7015,-122.3743333,"150",150,1.985,2,13.9157,13.8917,4.038756,4.042132,33.7135,33.7005,1.4711,0.69532,6.5785,112.196,286.572,0,"SynchroOSW - Summer2025 - CTD - M2.cnv",36.71,-122.312333333333,150
"196","20250724-M2-300m-1",NA,"07.24.2025",NA,"stationary",NA,NA,"eDNA","water","M2","marine","300","active","0.22","1",NA,NA,"Sterivex",3,"Summer2025",36.7015,-122.3743333,"300",300,1.985,2,13.9157,13.8917,4.038756,4.042132,33.7135,33.7005,1.4711,0.69532,6.5785,112.196,286.572,0,"SynchroOSW - Summer2025 - CTD - M2.cnv",36.71,-122.312333333333,300
"197","20250724-M2-300m-2",NA,"07.24.2025",NA,"stationary",NA,NA,"eDNA","water","M2","marine","300","active","0.22","2",NA,NA,"Sterivex",3,"Summer2025",36.7015,-122.3743333,"300",300,1.985,2,13.9157,13.8917,4.038756,4.042132,33.7135,33.7005,1.4711,0.69532,6.5785,112.196,286.572,0,"SynchroOSW - Summer2025 - CTD - M2.cnv",36.71,-122.312333333333,300
"198","20250724-M2-300m-3",NA,"07.24.2025",NA,"stationary",NA,NA,"eDNA","water","M2","marine","300","active","0.22","3",NA,NA,"Sterivex",3,"Summer2025",36.7015,-122.3743333,"300",300,1.985,2,13.9157,13.8917,4.038756,4.042132,33.7135,33.7005,1.4711,0.69532,6.5785,112.196,286.572,0,"SynchroOSW - Summer2025 - CTD - M2.cnv",36.71,-122.312333333333,300
"199","20250724-M2-air-st-1",NA,"07.24.2025",NA,"stationary","M2","M2","eDNA","air","M2","marine","0","active","0.22","1",NA,NA,"Sterivex",3,"Summer2025",36.7015,-122.3743333,"0",0,1.985,NA,NA,NA,NA,NA,NA,NA,NA,NA,NA,NA,NA,NA,NA,36.71,-122.312333333333,NA
"200","20250724-M2-air-st-2",NA,"07.24.2025",NA,"stationary","M2",NA,"eDNA","air","M2","marine","0","active","0.22","2",NA,NA,"Sterivex",3,"Summer2025",36.7015,-122.3743333,"0",0,1.985,NA,NA,NA,NA,NA,NA,NA,NA,NA,NA,NA,NA,NA,NA,36.71,-122.312333333333,NA
"201","20250724-M2-air-st-3",NA,"07.24.2025",NA,"stationary","M2","M2","eDNA","air","M2","marine","0","active","0.22","3",NA,NA,"Sterivex",3,"Summer2025",36.7015,-122.3743333,"0",0,1.985,NA,NA,NA,NA,NA,NA,NA,NA,NA,NA,NA,NA,NA,NA,36.71,-122.312333333333,NA
"202","20250724-M2-torp-A",NA,"07.24.2025",NA,"transition",NA,NA,"eDNA","water","M2","marine","0","passive","20","1","3",NA,"disk",3,"Summer2025",36.7015,-122.3743333,"0",0,1.985,2,13.9157,13.8917,4.038756,4.042132,33.7135,33.7005,1.4711,0.69532,6.5785,112.196,286.572,0,"SynchroOSW - Summer2025 - CTD - M2.cnv",36.71,-122.312333333333,0
"203","20250724-M2-torp-B",NA,"07.24.2025",NA,"transition",NA,NA,"eDNA","water","M2","marine","0","passive","20","2","3",NA,"disk",3,"Summer2025",36.7015,-122.3743333,"0",0,1.985,2,13.9157,13.8917,4.038756,4.042132,33.7135,33.7005,1.4711,0.69532,6.5785,112.196,286.572,0,"SynchroOSW - Summer2025 - CTD - M2.cnv",36.71,-122.312333333333,0
"204","20250724-MARS-010m-1",NA,"07.24.2025",NA,"stationary",NA,NA,"eDNA","water","MARS","marine","10","active","0.22","1",NA,NA,"Sterivex",3,"Summer2025",36.743,-122.1068333,"10",10,1.986,2,15.2256,15.2285,4.165223,4.165621,33.6795,33.6618,1.0125,0.12217,6.9437,121.538,302.572,0,"SynchroOSW - Summer2025 - CTD - MARS.cnv",36.7165,-122.188,10
"205","20250724-MARS-010m-2",NA,"07.24.2025",NA,"stationary",NA,NA,"eDNA","water","MARS","marine","10","active","0.22","2",NA,NA,"Sterivex",3,"Summer2025",36.743,-122.1068333,"10",10,1.986,2,15.2256,15.2285,4.165223,4.165621,33.6795,33.6618,1.0125,0.12217,6.9437,121.538,302.572,0,"SynchroOSW - Summer2025 - CTD - MARS.cnv",36.7165,-122.188,10
"206","20250724-MARS-010m-3",NA,"07.24.2025",NA,"stationary",NA,NA,"eDNA","water","MARS","marine","10","active","0.22","3",NA,NA,"Sterivex",3,"Summer2025",36.743,-122.1068333,"10",10,1.986,2,15.2256,15.2285,4.165223,4.165621,33.6795,33.6618,1.0125,0.12217,6.9437,121.538,302.572,0,"SynchroOSW - Summer2025 - CTD - MARS.cnv",36.7165,-122.188,10
"207","20250724-MARS-014m-1","Deep Chl max","07.24.2025",NA,"stationary",NA,NA,"eDNA","water","MARS","marine","14","active","0.22","1",NA,NA,"Sterivex",3,"Summer2025",36.743,-122.1068333,"14",14,1.986,2,15.2256,15.2285,4.165223,4.165621,33.6795,33.6618,1.0125,0.12217,6.9437,121.538,302.572,0,"SynchroOSW - Summer2025 - CTD - MARS.cnv",36.7165,-122.188,14
"208","20250724-MARS-014m-2","Deep Chl max","07.24.2025",NA,"stationary",NA,NA,"eDNA","water","MARS","marine","14","active","0.22","2",NA,NA,"Sterivex",3,"Summer2025",36.743,-122.1068333,"14",14,1.986,2,15.2256,15.2285,4.165223,4.165621,33.6795,33.6618,1.0125,0.12217,6.9437,121.538,302.572,0,"SynchroOSW - Summer2025 - CTD - MARS.cnv",36.7165,-122.188,14
"209","20250724-MARS-014m-3","Deep Chl max","07.24.2025",NA,"stationary",NA,NA,"eDNA","water","MARS","marine","14","active","0.22","3",NA,NA,"Sterivex",3,"Summer2025",36.743,-122.1068333,"14",14,1.986,2,15.2256,15.2285,4.165223,4.165621,33.6795,33.6618,1.0125,0.12217,6.9437,121.538,302.572,0,"SynchroOSW - Summer2025 - CTD - MARS.cnv",36.7165,-122.188,14
"210","20250724-MARS-150m-1",NA,"07.24.2025",NA,"stationary",NA,NA,"eDNA","water","MARS","marine","150","active","0.22","1",NA,NA,"Sterivex",3,"Summer2025",36.743,-122.1068333,"150",150,1.986,2,15.2256,15.2285,4.165223,4.165621,33.6795,33.6618,1.0125,0.12217,6.9437,121.538,302.572,0,"SynchroOSW - Summer2025 - CTD - MARS.cnv",36.7165,-122.188,150
"211","20250724-MARS-150m-2",NA,"07.24.2025",NA,"stationary",NA,NA,"eDNA","water","MARS","marine","150","active","0.22","2",NA,NA,"Sterivex",3,"Summer2025",36.743,-122.1068333,"150",150,1.986,2,15.2256,15.2285,4.165223,4.165621,33.6795,33.6618,1.0125,0.12217,6.9437,121.538,302.572,0,"SynchroOSW - Summer2025 - CTD - MARS.cnv",36.7165,-122.188,150
"212","20250724-MARS-150m-3",NA,"07.24.2025",NA,"stationary",NA,NA,"eDNA","water","MARS","marine","150","active","0.22","3",NA,NA,"Sterivex",3,"Summer2025",36.743,-122.1068333,"150",150,1.986,2,15.2256,15.2285,4.165223,4.165621,33.6795,33.6618,1.0125,0.12217,6.9437,121.538,302.572,0,"SynchroOSW - Summer2025 - CTD - MARS.cnv",36.7165,-122.188,150
"213","20250724-MARS-300m-1",NA,"07.24.2025",NA,"stationary",NA,NA,"eDNA","water","MARS","marine","300","active","0.22","1",NA,NA,"Sterivex",3,"Summer2025",36.743,-122.1068333,"300",300,1.986,2,15.2256,15.2285,4.165223,4.165621,33.6795,33.6618,1.0125,0.12217,6.9437,121.538,302.572,0,"SynchroOSW - Summer2025 - CTD - MARS.cnv",36.7165,-122.188,300
"214","20250724-MARS-300m-2",NA,"07.24.2025",NA,"stationary",NA,NA,"eDNA","water","MARS","marine","300","active","0.22","2",NA,NA,"Sterivex",3,"Summer2025",36.743,-122.1068333,"300",300,1.986,2,15.2256,15.2285,4.165223,4.165621,33.6795,33.6618,1.0125,0.12217,6.9437,121.538,302.572,0,"SynchroOSW - Summer2025 - CTD - MARS.cnv",36.7165,-122.188,300
"215","20250724-MARS-300m-3",NA,"07.24.2025",NA,"stationary",NA,NA,"eDNA","water","MARS","marine","300","active","0.22","3",NA,NA,"Sterivex",3,"Summer2025",36.743,-122.1068333,"300",300,1.986,2,15.2256,15.2285,4.165223,4.165621,33.6795,33.6618,1.0125,0.12217,6.9437,121.538,302.572,0,"SynchroOSW - Summer2025 - CTD - MARS.cnv",36.7165,-122.188,300
"216","20250724-MARS-air-st-1",NA,"07.24.2025",NA,"stationary","MARS","MARS","eDNA","air","MARS","marine","0",NA,"0.22","1",NA,NA,"disk",3,"Summer2025",36.743,-122.1068333,"0",0,1.986,NA,NA,NA,NA,NA,NA,NA,NA,NA,NA,NA,NA,NA,NA,36.7165,-122.188,NA
"217","20250724-MARS-air-st-2",NA,"07.24.2025",NA,"stationary","MARS","MARS","eDNA","air","MARS","marine","0",NA,"0.22","2",NA,NA,"disk",3,"Summer2025",36.743,-122.1068333,"0",0,1.986,NA,NA,NA,NA,NA,NA,NA,NA,NA,NA,NA,NA,NA,NA,36.7165,-122.188,NA
"218","20250724-MARS-air-st-3",NA,"07.24.2025",NA,"stationary","MARS","MARS","eDNA","air","MARS","marine","0",NA,"0.22","3",NA,NA,"disk",3,"Summer2025",36.743,-122.1068333,"0",0,1.986,NA,NA,NA,NA,NA,NA,NA,NA,NA,NA,NA,NA,NA,NA,36.7165,-122.188,NA
"219","20250724-MARS-torp-A",NA,"07.24.2025",NA,"transition",NA,NA,"eDNA","water","MARS","marine","0","passive","20","1","3",NA,"disk",3,"Summer2025",36.743,-122.1068333,"0",0,1.986,2,15.2256,15.2285,4.165223,4.165621,33.6795,33.6618,1.0125,0.12217,6.9437,121.538,302.572,0,"SynchroOSW - Summer2025 - CTD - MARS.cnv",36.7165,-122.188,0
"220","20250724-MARS-torp-B",NA,"07.24.2025",NA,"transition",NA,NA,"eDNA","water","MARS","marine","0","passive","20","1","3",NA,"disk",3,"Summer2025",36.743,-122.1068333,"0",0,1.986,2,15.2256,15.2285,4.165223,4.165621,33.6795,33.6618,1.0125,0.12217,6.9437,121.538,302.572,0,"SynchroOSW - Summer2025 - CTD - MARS.cnv",36.7165,-122.188,0
"221","20251027-ES-torp1-A","torp","10.27.2025",14:40:00,"transition",NA,NA,"eDNA","water","ELKHORN SLOUGH","estuary","0","passive","20","1","1",NA,"disk",4,"Fall2025",36.8105,-121.7827,"0",0,NA,NA,NA,NA,NA,NA,NA,NA,NA,NA,NA,NA,NA,NA,NA,NA,NA,0
"222","20251027-ES-torp1-B","torp","10.27.2025",14:40:00,"transition",NA,NA,"eDNA","water","ELKHORN SLOUGH","estuary","0","passive","20","2","1",NA,"disk",4,"Fall2025",36.8105,-121.7827,"0",0,NA,NA,NA,NA,NA,NA,NA,NA,NA,NA,NA,NA,NA,NA,NA,NA,NA,0
"223","20251027-ES-torp1-C","torp","10.27.2025",14:40:00,"transition",NA,NA,"eDNA","water","ELKHORN SLOUGH","estuary","0","passive","20","1","1",NA,"disk",4,"Fall2025",36.8105,-121.7827,"0",0,NA,NA,NA,NA,NA,NA,NA,NA,NA,NA,NA,NA,NA,NA,NA,NA,NA,0
"224","20251027-ES-torp1-D","torp","10.27.2025",14:40:00,"transition",NA,NA,"eDNA","water","ELKHORN SLOUGH","estuary","0","passive","20","2","1",NA,"disk",4,"Fall2025",36.8105,-121.7827,"0",0,NA,NA,NA,NA,NA,NA,NA,NA,NA,NA,NA,NA,NA,NA,NA,NA,NA,0
"225","20251027-ES-torp3-A","torp","10.27.2025",14:40:00,"transition",NA,NA,"eDNA","water","ELKHORN SLOUGH","estuary","0","passive","20","1","3",NA,"disk",4,"Fall2025",36.8105,-121.7827,"0",0,NA,NA,NA,NA,NA,NA,NA,NA,NA,NA,NA,NA,NA,NA,NA,NA,NA,0
"226","20251027-ES-torp3-B","torp","10.27.2025",14:40:00,"transition",NA,NA,"eDNA","water","ELKHORN SLOUGH","estuary","0","passive","20","2","3",NA,"disk",4,"Fall2025",36.8105,-121.7827,"0",0,NA,NA,NA,NA,NA,NA,NA,NA,NA,NA,NA,NA,NA,NA,NA,NA,NA,0
"227","20251027-ES26a",NA,"10.27.2025",15:00:00,"stationary",NA,NA,"eDNA","water","ELKHORN SLOUGH","estuary","0","active","0.22","1",NA,19,"Sterivex",4,"Fall2025",36.8105,-121.7827,"0",0,NA,NA,NA,NA,NA,NA,NA,NA,NA,NA,NA,NA,NA,NA,NA,NA,NA,0
"228","20251027-ES26b",NA,"10.27.2025",15:00:00,"stationary",NA,NA,"eDNA","water","ELKHORN SLOUGH","estuary","0","active","0.22","2",NA,19,"Sterivex",4,"Fall2025",36.8105,-121.7827,"0",0,NA,NA,NA,NA,NA,NA,NA,NA,NA,NA,NA,NA,NA,NA,NA,NA,NA,0
"229","20251027-ES26c",NA,"10.27.2025",15:00:00,"stationary",NA,NA,"eDNA","water","ELKHORN SLOUGH","estuary","0","active","0.22","3",NA,19,"Sterivex",4,"Fall2025",36.8105,-121.7827,"0",0,NA,NA,NA,NA,NA,NA,NA,NA,NA,NA,NA,NA,NA,NA,NA,NA,NA,0
"230","20251027-ES27a",NA,"10.27.2025",15:00:00,"stationary",NA,NA,"eDNA","water","ELKHORN SLOUGH","estuary","0","active","0.22","1",NA,20,"Sterivex",4,"Fall2025",36.8105,-121.7827,"0",0,NA,NA,NA,NA,NA,NA,NA,NA,NA,NA,NA,NA,NA,NA,NA,NA,NA,0
"231","20251027-ES27b",NA,"10.27.2025",15:00:00,"stationary",NA,NA,"eDNA","water","ELKHORN SLOUGH","estuary","0","active","0.22","2",NA,20,"Sterivex",4,"Fall2025",36.8105,-121.7827,"0",0,NA,NA,NA,NA,NA,NA,NA,NA,NA,NA,NA,NA,NA,NA,NA,NA,NA,0
"232","20251027-ES27c",NA,"10.27.2025",15:00:00,"stationary",NA,NA,"eDNA","water","ELKHORN SLOUGH","estuary","0","active","0.22","3",NA,20,"Sterivex",4,"Fall2025",36.8105,-121.7827,"0",0,NA,NA,NA,NA,NA,NA,NA,NA,NA,NA,NA,NA,NA,NA,NA,NA,NA,0
"233","20251027-ES28a",NA,"10.27.2025",15:00:00,"stationary",NA,NA,"eDNA","water","ELKHORN SLOUGH","estuary","0","active","0.22","1",NA,21,"Sterivex",4,"Fall2025",36.8105,-121.7827,"0",0,NA,NA,NA,NA,NA,NA,NA,NA,NA,NA,NA,NA,NA,NA,NA,NA,NA,0
"234","20251027-ES28b",NA,"10.27.2025",15:00:00,"stationary",NA,NA,"eDNA","water","ELKHORN SLOUGH","estuary","0","active","0.22","2",NA,21,"Sterivex",4,"Fall2025",36.8105,-121.7827,"0",0,NA,NA,NA,NA,NA,NA,NA,NA,NA,NA,NA,NA,NA,NA,NA,NA,NA,0
"235","20251027-ES28c",NA,"10.27.2025",15:00:00,"stationary",NA,NA,"eDNA","water","ELKHORN SLOUGH","estuary","0","active","0.22","3",NA,21,"Sterivex",4,"Fall2025",36.8105,-121.7827,"0",0,NA,NA,NA,NA,NA,NA,NA,NA,NA,NA,NA,NA,NA,NA,NA,NA,NA,0
"236","20251027-ES29a",NA,"10.27.2025",15:00:00,"stationary",NA,NA,"eDNA","water","ELKHORN SLOUGH","estuary","0","active","0.22","1",NA,22,"Sterivex",4,"Fall2025",36.8105,-121.7827,"0",0,NA,NA,NA,NA,NA,NA,NA,NA,NA,NA,NA,NA,NA,NA,NA,NA,NA,0
"237","20251027-ES29b",NA,"10.27.2025",15:00:00,"stationary",NA,NA,"eDNA","water","ELKHORN SLOUGH","estuary","0","active","0.22","2",NA,22,"Sterivex",4,"Fall2025",36.8105,-121.7827,"0",0,NA,NA,NA,NA,NA,NA,NA,NA,NA,NA,NA,NA,NA,NA,NA,NA,NA,0
"238","20251027-ES29c",NA,"10.27.2025",15:00:00,"stationary",NA,NA,"eDNA","water","ELKHORN SLOUGH","estuary","0","active","0.22","3",NA,22,"Sterivex",4,"Fall2025",36.8105,-121.7827,"0",0,NA,NA,NA,NA,NA,NA,NA,NA,NA,NA,NA,NA,NA,NA,NA,NA,NA,0
"239","20252810-C1-010m-1",NA,"10.28.2025",NA,"stationary",NA,NA,"eDNA","water","C1","marine","10","active","0.22","1",NA,NA,"Sterivex",4,"Fall2025",36.8,-121.8562,"10",10,1.985,2,14.8633,14.8643,4.097813,4.093587,33.3603,33.3183,1.2207,0.24325,6.0423,104.794,263.336,0,"SynchroOSW - Fall 2025 - c1.cnv",36.8006666666667,-121.856166666667,10
"240","20252810-C1-010m-2",NA,"10.28.2025",NA,"stationary",NA,NA,"eDNA","water","C1","marine","10","active","0.22","2",NA,NA,"Sterivex",4,"Fall2025",36.8,-121.8562,"10",10,1.985,2,14.8633,14.8643,4.097813,4.093587,33.3603,33.3183,1.2207,0.24325,6.0423,104.794,263.336,0,"SynchroOSW - Fall 2025 - c1.cnv",36.8006666666667,-121.856166666667,10
"241","20252810-C1-010m-3",NA,"10.28.2025",NA,"stationary",NA,NA,"eDNA","water","C1","marine","10","active","0.22","3",NA,NA,"Sterivex",4,"Fall2025",36.8,-121.8562,"10",10,1.985,2,14.8633,14.8643,4.097813,4.093587,33.3603,33.3183,1.2207,0.24325,6.0423,104.794,263.336,0,"SynchroOSW - Fall 2025 - c1.cnv",36.8006666666667,-121.856166666667,10
"242","20252810-C1-010m-4","Deep Chl max","10.28.2025",NA,"stationary",NA,NA,"eDNA","water","C1","marine","10","active","0.22","1",NA,NA,"Sterivex",4,"Fall2025",36.8,-121.8562,"10",10,1.985,2,14.8633,14.8643,4.097813,4.093587,33.3603,33.3183,1.2207,0.24325,6.0423,104.794,263.336,0,"SynchroOSW - Fall 2025 - c1.cnv",36.8006666666667,-121.856166666667,10
"243","20252810-C1-010m-5","Deep Chl max","10.28.2025",NA,"stationary",NA,NA,"eDNA","water","C1","marine","10","active","0.22","2",NA,NA,"Sterivex",4,"Fall2025",36.8,-121.8562,"10",10,1.985,2,14.8633,14.8643,4.097813,4.093587,33.3603,33.3183,1.2207,0.24325,6.0423,104.794,263.336,0,"SynchroOSW - Fall 2025 - c1.cnv",36.8006666666667,-121.856166666667,10
"244","20252810-C1-010m-6","Deep Chl max","10.28.2025",NA,"stationary",NA,NA,"eDNA","water","C1","marine","10","active","0.22","3",NA,NA,"Sterivex",4,"Fall2025",36.8,-121.8562,"10",10,1.985,2,14.8633,14.8643,4.097813,4.093587,33.3603,33.3183,1.2207,0.24325,6.0423,104.794,263.336,0,"SynchroOSW - Fall 2025 - c1.cnv",36.8006666666667,-121.856166666667,10
"245","20252810-C1-010m-7",NA,"10.28.2025",NA,"stationary",NA,NA,"eDNA","water","C1","marine","10","active","0.22","1",NA,NA,"Sterivex",4,"Fall2025",36.8,-121.8562,"10",10,1.985,2,14.8633,14.8643,4.097813,4.093587,33.3603,33.3183,1.2207,0.24325,6.0423,104.794,263.336,0,"SynchroOSW - Fall 2025 - c1.cnv",36.8006666666667,-121.856166666667,10
"246","20252810-C1-010m-8",NA,"10.28.2025",NA,"stationary",NA,NA,"eDNA","water","C1","marine","10","active","0.22","2",NA,NA,"Sterivex",4,"Fall2025",36.8,-121.8562,"10",10,1.985,2,14.8633,14.8643,4.097813,4.093587,33.3603,33.3183,1.2207,0.24325,6.0423,104.794,263.336,0,"SynchroOSW - Fall 2025 - c1.cnv",36.8006666666667,-121.856166666667,10
"247","20252810-C1-010m-9",NA,"10.28.2025",NA,"stationary",NA,NA,"eDNA","water","C1","marine","10","active","0.22","3",NA,NA,"Sterivex",4,"Fall2025",36.8,-121.8562,"10",10,1.985,2,14.8633,14.8643,4.097813,4.093587,33.3603,33.3183,1.2207,0.24325,6.0423,104.794,263.336,0,"SynchroOSW - Fall 2025 - c1.cnv",36.8006666666667,-121.856166666667,10
"248","20252810-C1-150m-1",NA,"10.28.2025",NA,"stationary",NA,NA,"eDNA","water","C1","marine","150","active","0.22","1",NA,NA,"Sterivex",4,"Fall2025",36.8,-121.8562,"150",150,1.985,2,14.8633,14.8643,4.097813,4.093587,33.3603,33.3183,1.2207,0.24325,6.0423,104.794,263.336,0,"SynchroOSW - Fall 2025 - c1.cnv",36.8006666666667,-121.856166666667,150
"249","20252810-C1-150m-2",NA,"10.28.2025",NA,"stationary",NA,NA,"eDNA","water","C1","marine","150","active","0.22","2",NA,NA,"Sterivex",4,"Fall2025",36.8,-121.8562,"150",150,1.985,2,14.8633,14.8643,4.097813,4.093587,33.3603,33.3183,1.2207,0.24325,6.0423,104.794,263.336,0,"SynchroOSW - Fall 2025 - c1.cnv",36.8006666666667,-121.856166666667,150
"250","20252810-C1-150m-3",NA,"10.28.2025",NA,"stationary",NA,NA,"eDNA","water","C1","marine","150","active","0.22","3",NA,NA,"Sterivex",4,"Fall2025",36.8,-121.8562,"150",150,1.985,2,14.8633,14.8643,4.097813,4.093587,33.3603,33.3183,1.2207,0.24325,6.0423,104.794,263.336,0,"SynchroOSW - Fall 2025 - c1.cnv",36.8006666666667,-121.856166666667,150
"251","20252810-C1-air-st-1",NA,"10.28.2025",NA,"stationary","C1","C1","eDNA","air","C1","marine","0","passive","0.22","1",NA,NA,"disk",4,"Fall2025",36.8,-121.8562,"0",0,1.985,NA,NA,NA,NA,NA,NA,NA,NA,NA,NA,NA,NA,NA,NA,36.8006666666667,-121.856166666667,NA
"252","20252810-C1-air-st-2",NA,"10.28.2025",NA,"stationary","C1","C1","eDNA","air","C1","marine","0","passive","0.22","2",NA,NA,"disk",4,"Fall2025",36.8,-121.8562,"0",0,1.985,NA,NA,NA,NA,NA,NA,NA,NA,NA,NA,NA,NA,NA,NA,36.8006666666667,-121.856166666667,NA
"253","20252810-C1-air-st-3",NA,"10.28.2025",NA,"stationary","C1","C1","eDNA","air","C1","marine","0","passive","0.22","3",NA,NA,"disk",4,"Fall2025",36.8,-121.8562,"0",0,1.985,NA,NA,NA,NA,NA,NA,NA,NA,NA,NA,NA,NA,NA,NA,36.8006666666667,-121.856166666667,NA
"254","20252910-M1-010M-1",NA,"10.28.2025",NA,"stationary",NA,NA,"eDNA","water","M1","marine","10","active","0.22","1",NA,NA,"Sterivex",4,"Fall2025",36.7502,-122.0495,"10",10,1.985,2,16.0932,16.0941,4.212201,4.204722,33.3334,33.2687,0.4872,0.039117,4.621,82.108,201.448,0,"SynchroOSW - Fall 2025 - m1.cnv",36.7501666666667,-122.0495,10
"255","20252910-M1-010M-2",NA,"10.28.2025",NA,"stationary",NA,NA,"eDNA","water","M1","marine","10","active","0.22","2",NA,NA,"Sterivex",4,"Fall2025",36.7502,-122.0495,"10",10,1.985,2,16.0932,16.0941,4.212201,4.204722,33.3334,33.2687,0.4872,0.039117,4.621,82.108,201.448,0,"SynchroOSW - Fall 2025 - m1.cnv",36.7501666666667,-122.0495,10
"256","20252910-M1-010M-3",NA,"10.28.2025",NA,"stationary",NA,NA,"eDNA","water","M1","marine","10","active","0.22","3",NA,NA,"Sterivex",4,"Fall2025",36.7502,-122.0495,"10",10,1.985,2,16.0932,16.0941,4.212201,4.204722,33.3334,33.2687,0.4872,0.039117,4.621,82.108,201.448,0,"SynchroOSW - Fall 2025 - m1.cnv",36.7501666666667,-122.0495,10
"257","20252910-M1-015m-1","Deep Chl max","10.28.2025",NA,"stationary",NA,NA,"eDNA","water","M1","marine","15","active","0.22","1",NA,NA,"Sterivex",4,"Fall2025",36.7502,-122.0495,"15",15,1.985,2,16.0932,16.0941,4.212201,4.204722,33.3334,33.2687,0.4872,0.039117,4.621,82.108,201.448,0,"SynchroOSW - Fall 2025 - m1.cnv",36.7501666666667,-122.0495,15
"258","20252910-M1-015m-2","Deep Chl max","10.28.2025",NA,"stationary",NA,NA,"eDNA","water","M1","marine","15","active","0.22","2",NA,NA,"Sterivex",4,"Fall2025",36.7502,-122.0495,"15",15,1.985,2,16.0932,16.0941,4.212201,4.204722,33.3334,33.2687,0.4872,0.039117,4.621,82.108,201.448,0,"SynchroOSW - Fall 2025 - m1.cnv",36.7501666666667,-122.0495,15
"259","20252910-M1-015m-3","Deep Chl max","10.28.2025",NA,"stationary",NA,NA,"eDNA","water","M1","marine","15","active","0.22","3",NA,NA,"Sterivex",4,"Fall2025",36.7502,-122.0495,"15",15,1.985,2,16.0932,16.0941,4.212201,4.204722,33.3334,33.2687,0.4872,0.039117,4.621,82.108,201.448,0,"SynchroOSW - Fall 2025 - m1.cnv",36.7501666666667,-122.0495,15
"260","20252910-M1-150m-1",NA,"10.28.2025",NA,"stationary",NA,NA,"eDNA","water","M1","marine","150","active","0.22","1",NA,NA,"Sterivex",4,"Fall2025",36.7502,-122.0495,"150",150,1.985,2,16.0932,16.0941,4.212201,4.204722,33.3334,33.2687,0.4872,0.039117,4.621,82.108,201.448,0,"SynchroOSW - Fall 2025 - m1.cnv",36.7501666666667,-122.0495,150
"261","20252910-M1-150m-2",NA,"10.28.2025",NA,"stationary",NA,NA,"eDNA","water","M1","marine","150","active","0.22","2",NA,NA,"Sterivex",4,"Fall2025",36.7502,-122.0495,"150",150,1.985,2,16.0932,16.0941,4.212201,4.204722,33.3334,33.2687,0.4872,0.039117,4.621,82.108,201.448,0,"SynchroOSW - Fall 2025 - m1.cnv",36.7501666666667,-122.0495,150
"262","20252910-M1-150m-3",NA,"10.28.2025",NA,"stationary",NA,NA,"eDNA","water","M1","marine","150","active","0.22","3",NA,NA,"Sterivex",4,"Fall2025",36.7502,-122.0495,"150",150,1.985,2,16.0932,16.0941,4.212201,4.204722,33.3334,33.2687,0.4872,0.039117,4.621,82.108,201.448,0,"SynchroOSW - Fall 2025 - m1.cnv",36.7501666666667,-122.0495,150
"263","20252910-M1-300m-1",NA,"10.28.2025",NA,"stationary",NA,NA,"eDNA","water","M1","marine","300","active","0.22","1",NA,NA,"Sterivex",4,"Fall2025",36.7502,-122.0495,"300",300,1.985,2,16.0932,16.0941,4.212201,4.204722,33.3334,33.2687,0.4872,0.039117,4.621,82.108,201.448,0,"SynchroOSW - Fall 2025 - m1.cnv",36.7501666666667,-122.0495,300
"264","20252910-M1-300m-2",NA,"10.28.2025",NA,"stationary",NA,NA,"eDNA","water","M1","marine","300","active","0.22","2",NA,NA,"Sterivex",4,"Fall2025",36.7502,-122.0495,"300",300,1.985,2,16.0932,16.0941,4.212201,4.204722,33.3334,33.2687,0.4872,0.039117,4.621,82.108,201.448,0,"SynchroOSW - Fall 2025 - m1.cnv",36.7501666666667,-122.0495,300
"265","20252910-M1-300m-3",NA,"10.28.2025",NA,"stationary",NA,NA,"eDNA","water","M1","marine","300","active","0.22","3",NA,NA,"Sterivex",4,"Fall2025",36.7502,-122.0495,"300",300,1.985,2,16.0932,16.0941,4.212201,4.204722,33.3334,33.2687,0.4872,0.039117,4.621,82.108,201.448,0,"SynchroOSW - Fall 2025 - m1.cnv",36.7501666666667,-122.0495,300
"266","20252910-M1-air-st-A","deployed for 20 mins","10.28.2025",NA,"stationary","M1","M1","eDNA","air","M1","marine","0","passive","0.22","1",NA,NA,"disk",4,"Fall2025",36.7502,-122.0495,"0",0,1.985,NA,NA,NA,NA,NA,NA,NA,NA,NA,NA,NA,NA,NA,NA,36.7501666666667,-122.0495,NA
"267","20252910-M1-air-st-B","deployed for 20 mins","10.28.2025",NA,"stationary","M1","M1","eDNA","air","M1","marine","0","passive","0.22","2",NA,NA,"disk",4,"Fall2025",36.7502,-122.0495,"0",0,1.985,NA,NA,NA,NA,NA,NA,NA,NA,NA,NA,NA,NA,NA,NA,36.7501666666667,-122.0495,NA
"268","20252910-M1-air-st-C","deployed for 20 mins","10.28.2025",NA,"stationary","M1","M1","eDNA","air","M1","marine","0","passive","0.22","3",NA,NA,"disk",4,"Fall2025",36.7502,-122.0495,"0",0,1.985,NA,NA,NA,NA,NA,NA,NA,NA,NA,NA,NA,NA,NA,NA,36.7501666666667,-122.0495,NA
"269","20252910-M1-torp-A","torp","10.28.2025",NA,"transition",NA,NA,"eDNA","water","M1","marine","0","passive","20","1",NA,NA,"disk",4,"Fall2025",36.7502,-122.0495,"0",0,1.985,2,16.0932,16.0941,4.212201,4.204722,33.3334,33.2687,0.4872,0.039117,4.621,82.108,201.448,0,"SynchroOSW - Fall 2025 - m1.cnv",36.7501666666667,-122.0495,0
"270","20252910-M1-torp-B","torp","10.28.2025",NA,"transition",NA,NA,"eDNA","water","M1","marine","0","passive","20","2",NA,NA,"disk",4,"Fall2025",36.7502,-122.0495,"0",0,1.985,2,16.0932,16.0941,4.212201,4.204722,33.3334,33.2687,0.4872,0.039117,4.621,82.108,201.448,0,"SynchroOSW - Fall 2025 - m1.cnv",36.7501666666667,-122.0495,0
"271","20252910-M2-010m-1",NA,"10.29.2025",NA,"stationary",NA,NA,"eDNA","water","M2","marine","10","active","0.22","1",NA,NA,"Sterivex",4,"Fall2025",36.713,-122.304,"10",10,1.985,2,15.9509,15.9514,4.20488,4.202094,33.391,33.3653,1.1855,0.03813,5.2256,92.62,227.79,0,"SynchroOSW - Fall 2025 - M2.cnv",36.7128333333333,-122.304,10
"272","20252910-M2-010m-2",NA,"10.29.2025",NA,"stationary",NA,NA,"eDNA","water","M2","marine","10","active","0.22","2",NA,NA,"Sterivex",4,"Fall2025",36.713,-122.304,"10",10,1.985,2,15.9509,15.9514,4.20488,4.202094,33.391,33.3653,1.1855,0.03813,5.2256,92.62,227.79,0,"SynchroOSW - Fall 2025 - M2.cnv",36.7128333333333,-122.304,10
"273","20252910-M2-010m-3",NA,"10.29.2025",NA,"stationary",NA,NA,"eDNA","water","M2","marine","10","active","0.22","3",NA,NA,"Sterivex",4,"Fall2025",36.713,-122.304,"10",10,1.985,2,15.9509,15.9514,4.20488,4.202094,33.391,33.3653,1.1855,0.03813,5.2256,92.62,227.79,0,"SynchroOSW - Fall 2025 - M2.cnv",36.7128333333333,-122.304,10
"274","20252910-M2-030m-1","Deep Chl max","10.29.2025",NA,"stationary",NA,NA,"eDNA","water","M2","marine","3","active","0.22","1",NA,NA,"Sterivex",4,"Fall2025",36.713,-122.304,"3",3,1.985,2,15.9509,15.9514,4.20488,4.202094,33.391,33.3653,1.1855,0.03813,5.2256,92.62,227.79,0,"SynchroOSW - Fall 2025 - M2.cnv",36.7128333333333,-122.304,3
"275","20252910-M2-030m-2","Deep Chl max","10.29.2025",NA,"stationary",NA,NA,"eDNA","water","M2","marine","3","active","0.22","2",NA,NA,"Sterivex",4,"Fall2025",36.713,-122.304,"3",3,1.985,2,15.9509,15.9514,4.20488,4.202094,33.391,33.3653,1.1855,0.03813,5.2256,92.62,227.79,0,"SynchroOSW - Fall 2025 - M2.cnv",36.7128333333333,-122.304,3
"276","20252910-M2-030m-3","Deep Chl max","10.29.2025",NA,"stationary",NA,NA,"eDNA","water","M2","marine","3","active","0.22","3",NA,NA,"Sterivex",4,"Fall2025",36.713,-122.304,"3",3,1.985,2,15.9509,15.9514,4.20488,4.202094,33.391,33.3653,1.1855,0.03813,5.2256,92.62,227.79,0,"SynchroOSW - Fall 2025 - M2.cnv",36.7128333333333,-122.304,3
"277","20252910-M2-150m-1","torp","10.29.2025",NA,"stationary",NA,NA,"eDNA","water","M2","marine","150","active","0.22","1",NA,NA,"Sterivex",4,"Fall2025",36.713,-122.304,"150",150,1.985,2,15.9509,15.9514,4.20488,4.202094,33.391,33.3653,1.1855,0.03813,5.2256,92.62,227.79,0,"SynchroOSW - Fall 2025 - M2.cnv",36.7128333333333,-122.304,150
"278","20252910-M2-150m-2","torp","10.29.2025",NA,"stationary",NA,NA,"eDNA","water","M2","marine","150","active","0.22","2",NA,NA,"Sterivex",4,"Fall2025",36.713,-122.304,"150",150,1.985,2,15.9509,15.9514,4.20488,4.202094,33.391,33.3653,1.1855,0.03813,5.2256,92.62,227.79,0,"SynchroOSW - Fall 2025 - M2.cnv",36.7128333333333,-122.304,150
"279","20252910-M2-150m-3",NA,"10.29.2025",NA,"stationary",NA,NA,"eDNA","water","M2","marine","150","active","0.22","3",NA,NA,"Sterivex",4,"Fall2025",36.713,-122.304,"150",150,1.985,2,15.9509,15.9514,4.20488,4.202094,33.391,33.3653,1.1855,0.03813,5.2256,92.62,227.79,0,"SynchroOSW - Fall 2025 - M2.cnv",36.7128333333333,-122.304,150
"280","20252910-M2-300m-1",NA,"10.29.2025",NA,"stationary",NA,NA,"eDNA","water","M2","marine","300","active","0.22","1",NA,NA,"Sterivex",4,"Fall2025",36.713,-122.304,"300",300,1.985,2,15.9509,15.9514,4.20488,4.202094,33.391,33.3653,1.1855,0.03813,5.2256,92.62,227.79,0,"SynchroOSW - Fall 2025 - M2.cnv",36.7128333333333,-122.304,300
"281","20252910-M2-300m-2",NA,"10.29.2025",NA,"stationary",NA,NA,"eDNA","water","M2","marine","300","active","0.22","2",NA,NA,"Sterivex",4,"Fall2025",36.713,-122.304,"300",300,1.985,2,15.9509,15.9514,4.20488,4.202094,33.391,33.3653,1.1855,0.03813,5.2256,92.62,227.79,0,"SynchroOSW - Fall 2025 - M2.cnv",36.7128333333333,-122.304,300
"282","20252910-M2-300m-3",NA,"10.29.2025",NA,"stationary",NA,NA,"eDNA","water","M2","marine","300","active","0.22","3",NA,NA,"Sterivex",4,"Fall2025",36.713,-122.304,"300",300,1.985,2,15.9509,15.9514,4.20488,4.202094,33.391,33.3653,1.1855,0.03813,5.2256,92.62,227.79,0,"SynchroOSW - Fall 2025 - M2.cnv",36.7128333333333,-122.304,300
"283","20252910-MARS-010m-1",NA,"10.29.2025",NA,"stationary",NA,NA,"eDNA","water","MARS","marine","10","active","0.22","1",NA,NA,"Sterivex",4,"Fall2025",36.721,-122.1903,"10",10,1.985,2,16.1361,16.1369,4.22252,4.218972,33.3905,33.3588,0.4281,0.048783,5.1312,91.277,223.682,0,"SynchroOSW - Fall 2025 - mars.cnv",36.721,-122.190333333333,10
"284","20252910-MARS-010m-2",NA,"10.29.2025",NA,"stationary",NA,NA,"eDNA","water","MARS","marine","10","active","0.22","2",NA,NA,"Sterivex",4,"Fall2025",36.721,-122.1903,"10",10,1.985,2,16.1361,16.1369,4.22252,4.218972,33.3905,33.3588,0.4281,0.048783,5.1312,91.277,223.682,0,"SynchroOSW - Fall 2025 - mars.cnv",36.721,-122.190333333333,10
"285","20252910-MARS-010m-3",NA,"10.29.2025",NA,"stationary",NA,NA,"eDNA","water","MARS","marine","10","active","0.22","3",NA,NA,"Sterivex",4,"Fall2025",36.721,-122.1903,"10",10,1.985,2,16.1361,16.1369,4.22252,4.218972,33.3905,33.3588,0.4281,0.048783,5.1312,91.277,223.682,0,"SynchroOSW - Fall 2025 - mars.cnv",36.721,-122.190333333333,10
"286","20252910-MARS-020m-1","Deep Chl max","10.29.2025",NA,"stationary",NA,NA,"eDNA","water","MARS","marine","20","active","0.22","1",NA,NA,"Sterivex",4,"Fall2025",36.721,-122.1903,"20",20,1.985,2,16.1361,16.1369,4.22252,4.218972,33.3905,33.3588,0.4281,0.048783,5.1312,91.277,223.682,0,"SynchroOSW - Fall 2025 - mars.cnv",36.721,-122.190333333333,20
"287","20252910-MARS-020m-2","Deep Chl max","10.29.2025",NA,"stationary",NA,NA,"eDNA","water","MARS","marine","20","active","0.22","2",NA,NA,"Sterivex",4,"Fall2025",36.721,-122.1903,"20",20,1.985,2,16.1361,16.1369,4.22252,4.218972,33.3905,33.3588,0.4281,0.048783,5.1312,91.277,223.682,0,"SynchroOSW - Fall 2025 - mars.cnv",36.721,-122.190333333333,20
"288","20252910-MARS-020m-3","Deep Chl max","10.29.2025",NA,"stationary",NA,NA,"eDNA","water","MARS","marine","20","active","0.22","3",NA,NA,"Sterivex",4,"Fall2025",36.721,-122.1903,"20",20,1.985,2,16.1361,16.1369,4.22252,4.218972,33.3905,33.3588,0.4281,0.048783,5.1312,91.277,223.682,0,"SynchroOSW - Fall 2025 - mars.cnv",36.721,-122.190333333333,20
"289","20252910-MARS-150m-1",NA,"10.29.2025",NA,"stationary",NA,NA,"eDNA","water","MARS","marine","150","active","0.22","1",NA,NA,"Sterivex",4,"Fall2025",36.721,-122.1903,"150",150,1.985,2,16.1361,16.1369,4.22252,4.218972,33.3905,33.3588,0.4281,0.048783,5.1312,91.277,223.682,0,"SynchroOSW - Fall 2025 - mars.cnv",36.721,-122.190333333333,150
"290","20252910-MARS-150m-2",NA,"10.29.2025",NA,"stationary",NA,NA,"eDNA","water","MARS","marine","150","active","0.22","2",NA,NA,"Sterivex",4,"Fall2025",36.721,-122.1903,"150",150,1.985,2,16.1361,16.1369,4.22252,4.218972,33.3905,33.3588,0.4281,0.048783,5.1312,91.277,223.682,0,"SynchroOSW - Fall 2025 - mars.cnv",36.721,-122.190333333333,150
"291","20252910-MARS-150m-3",NA,"10.29.2025",NA,"stationary",NA,NA,"eDNA","water","MARS","marine","150","active","0.22","3",NA,NA,"Sterivex",4,"Fall2025",36.721,-122.1903,"150",150,1.985,2,16.1361,16.1369,4.22252,4.218972,33.3905,33.3588,0.4281,0.048783,5.1312,91.277,223.682,0,"SynchroOSW - Fall 2025 - mars.cnv",36.721,-122.190333333333,150
"292","20252910-MARS-300m-1",NA,"10.29.2025",NA,"stationary",NA,NA,"eDNA","water","MARS","marine","300","active","0.22","1",NA,NA,"Sterivex",4,"Fall2025",36.721,-122.1903,"300",300,1.985,2,16.1361,16.1369,4.22252,4.218972,33.3905,33.3588,0.4281,0.048783,5.1312,91.277,223.682,0,"SynchroOSW - Fall 2025 - mars.cnv",36.721,-122.190333333333,300
"293","20252910-MARS-300m-2",NA,"10.29.2025",NA,"stationary",NA,NA,"eDNA","water","MARS","marine","300","active","0.22","2",NA,NA,"Sterivex",4,"Fall2025",36.721,-122.1903,"300",300,1.985,2,16.1361,16.1369,4.22252,4.218972,33.3905,33.3588,0.4281,0.048783,5.1312,91.277,223.682,0,"SynchroOSW - Fall 2025 - mars.cnv",36.721,-122.190333333333,300
"294","20252910-MARS-300m-3",NA,"10.29.2025",NA,"stationary",NA,NA,"eDNA","water","MARS","marine","300","active","0.22","3",NA,NA,"Sterivex",4,"Fall2025",36.721,-122.1903,"300",300,1.985,2,16.1361,16.1369,4.22252,4.218972,33.3905,33.3588,0.4281,0.048783,5.1312,91.277,223.682,0,"SynchroOSW - Fall 2025 - mars.cnv",36.721,-122.190333333333,300
"295","20252910-MARS-air-st-1",NA,"10.29.2025",NA,"stationary","MARS","MARS","eDNA","air","MARS","marine","0","passive","0.22","1",NA,NA,"disk",4,"Fall2025",36.721,-122.1903,"0",0,1.985,NA,NA,NA,NA,NA,NA,NA,NA,NA,NA,NA,NA,NA,NA,36.721,-122.190333333333,NA
"296","20252910-MARS-air-st-2",NA,"10.29.2025",NA,"stationary","MARS","MARS","eDNA","air","MARS","marine","0","passive","0.22","2",NA,NA,"disk",4,"Fall2025",36.721,-122.1903,"0",0,1.985,NA,NA,NA,NA,NA,NA,NA,NA,NA,NA,NA,NA,NA,NA,36.721,-122.190333333333,NA
"297","20252910-MARS-air-st-3",NA,"10.29.2025",NA,"stationary","MARS","MARS","eDNA","air","MARS","marine","0","passive","0.22","3",NA,NA,"disk",4,"Fall2025",36.721,-122.1903,"0",0,1.985,NA,NA,NA,NA,NA,NA,NA,NA,NA,NA,NA,NA,NA,NA,36.721,-122.190333333333,NA
"298","20252910-MARS-M2-air-1-2","transit MARS to M1","10.29.2025",NA,"transition","MARS","M1","eDNA","air","MARS","marine","0","passive","0.22","2",NA,NA,"disk",4,"Fall2025",36.721,-122.1903,"0",0,1.985,NA,NA,NA,NA,NA,NA,NA,NA,NA,NA,NA,NA,NA,NA,36.721,-122.190333333333,NA
"299","20252910-MARS-M2-air-2","transit MARS to M1","10.29.2025",NA,"transition","MARS","M1","eDNA","air","MARS","marine","0","passive","0.22","2",NA,NA,"disk",4,"Fall2025",36.721,-122.1903,"0",0,1.985,NA,NA,NA,NA,NA,NA,NA,NA,NA,NA,NA,NA,NA,NA,36.721,-122.190333333333,NA
"300","20252910-MARS-M2-air-3","transit MARS to M1","10.29.2025",NA,"transition","MARS","M1","eDNA","air","MARS","marine","0","passive","0.22","3",NA,NA,"disk",4,"Fall2025",36.721,-122.1903,"0",0,1.985,NA,NA,NA,NA,NA,NA,NA,NA,NA,NA,NA,NA,NA,NA,36.721,-122.190333333333,NA
"301","20252910-MARS-torp-A","torp","10.29.2025",NA,"transition",NA,NA,"eDNA","water","MARS","marine","0","passive","20","1","3",NA,"disk",4,"Fall2025",36.721,-122.1903,"0",0,1.985,2,16.1361,16.1369,4.22252,4.218972,33.3905,33.3588,0.4281,0.048783,5.1312,91.277,223.682,0,"SynchroOSW - Fall 2025 - mars.cnv",36.721,-122.190333333333,0
"302","20252910-MARS-torp-B","torp","10.29.2025",NA,"transition",NA,NA,"eDNA","water","MARS","marine","0","passive","20","2","3",NA,"disk",4,"Fall2025",36.721,-122.1903,"0",0,1.985,2,16.1361,16.1369,4.22252,4.218972,33.3905,33.3588,0.4281,0.048783,5.1312,91.277,223.682,0,"SynchroOSW - Fall 2025 - mars.cnv",36.721,-122.190333333333,0
"303","20252910-ML-M1-air-1","mainland to M1","10.28.2025",NA,"stationary","ML","M1","eDNA","air","M1","marine","0","passive","0.22","1",NA,NA,"disk",4,"Fall2025",36.7502,-122.0495,"0",0,1.985,NA,NA,NA,NA,NA,NA,NA,NA,NA,NA,NA,NA,NA,NA,36.7501666666667,-122.0495,NA
"304","20252910-ML-M1-air-2","mainland to M1","10.28.2025",NA,"stationary","ML","M1","eDNA","air","M1","marine","0","passive","0.22","2",NA,NA,"disk",4,"Fall2025",36.7502,-122.0495,"0",0,1.985,NA,NA,NA,NA,NA,NA,NA,NA,NA,NA,NA,NA,NA,NA,36.7501666666667,-122.0495,NA
"305","20252910-ML-M1-air-3","mainland to M1","10.28.2025",NA,"stationary","ML","M1","eDNA","air","M1","marine","0","passive","0.22","3",NA,NA,"disk",4,"Fall2025",36.7502,-122.0495,"0",0,1.985,NA,NA,NA,NA,NA,NA,NA,NA,NA,NA,NA,NA,NA,NA,36.7501666666667,-122.0495,NA
"306","20252910-ML-MARS-air-1","transit ML to MARS","10.29.2025",NA,"transition","ML","MARS","eDNA","air","MARS","marine","0","passive","0.22","1",NA,NA,"disk",4,"Fall2025",36.721,-122.1903,"0",0,1.985,NA,NA,NA,NA,NA,NA,NA,NA,NA,NA,NA,NA,NA,NA,36.721,-122.190333333333,NA
"307","20252910-ML-MARS-air-2","transit ML to MARS","10.29.2025",NA,"transition","ML","MARS","eDNA","air","MARS","marine","0","passive","0.22","2",NA,NA,"disk",4,"Fall2025",36.721,-122.1903,"0",0,1.985,NA,NA,NA,NA,NA,NA,NA,NA,NA,NA,NA,NA,NA,NA,36.721,-122.190333333333,NA
"308","20252910-ML-MARS-air-3","transit ML to MARS","10.29.2025",NA,"transition","ML","MARS","eDNA","air","MARS","marine","0","passive","0.22","3",NA,NA,"disk",4,"Fall2025",36.721,-122.1903,"0",0,1.985,NA,NA,NA,NA,NA,NA,NA,NA,NA,NA,NA,NA,NA,NA,36.721,-122.190333333333,NA
"309","250414-ESe-21a",NA,"04.14.2025",NA,"stationary",NA,NA,"eDNA","water","ELKHORN SLOUGH","estuary","0","active","0.22","2","22",NA,"Sterivex",2,"Spring2025",36.8105,-121.7827,"0",0,NA,NA,NA,NA,NA,NA,NA,NA,NA,NA,NA,NA,NA,NA,NA,NA,NA,0
"310","250414-ESe-21b",NA,"04.14.2025",NA,"stationary",NA,NA,"eDNA","water","ELKHORN SLOUGH","estuary","0","active","0.22","3","22",NA,"Sterivex",2,"Spring2025",36.8105,-121.7827,"0",0,NA,NA,NA,NA,NA,NA,NA,NA,NA,NA,NA,NA,NA,NA,NA,NA,NA,0
"311","250414-ESe-21c",NA,"04.14.2025",NA,"stationary",NA,NA,"eDNA","water","ELKHORN SLOUGH","estuary","0","active","0.22","1","22",NA,"Sterivex",2,"Spring2025",36.8105,-121.7827,"0",0,NA,NA,NA,NA,NA,NA,NA,NA,NA,NA,NA,NA,NA,NA,NA,NA,NA,0
"312","MARS-air-A","for whole transit","04.17.2025",NA,"stationary","ML","MARS","eDNA","air","MARS","marine","0","passive","0.22","A",NA,NA,"disk",2,"Spring2025",36.743,-122.1068333,"0",0,1.985,NA,NA,NA,NA,NA,NA,NA,NA,NA,NA,NA,NA,NA,NA,36.743,-122.106833333333,NA
"313","MARS-air-B","for whole transit","04.17.2025",NA,"stationary","ML","MARs","eDNA","air","MARS","marine","0","passive","0.22","B",NA,NA,"disk",2,"Spring2025",36.743,-122.1068333,"0",0,1.985,NA,NA,NA,NA,NA,NA,NA,NA,NA,NA,NA,NA,NA,NA,36.743,-122.106833333333,NA
"314","MARS-air-C","for whole transit","04.17.2025",NA,"stationary","ML","MARS","eDNA","air","MARS","marine","0","passive","0.22","C",NA,NA,"disk",2,"Spring2025",36.743,-122.1068333,"0",0,1.985,NA,NA,NA,NA,NA,NA,NA,NA,NA,NA,NA,NA,NA,NA,36.743,-122.106833333333,NA
"315","MARS-air-st-a","while CTD was in the water","04.17.2025",09:45:00,"stationary","MARS","MARS","eDNA","air","MARS","marine","0","passive","0.22","a",NA,NA,"disk",2,"Spring2025",36.743,-122.1068333,"0",0,1.985,NA,NA,NA,NA,NA,NA,NA,NA,NA,NA,NA,NA,NA,NA,36.743,-122.106833333333,NA
"316","MARS-air-st-b","while CTD was in the water","04.17.2025",09:45:00,"stationary","MARS","MARS","eDNA","air","MARS","marine","0","passive","0.22","b",NA,NA,"disk",2,"Spring2025",36.743,-122.1068333,"0",0,1.985,NA,NA,NA,NA,NA,NA,NA,NA,NA,NA,NA,NA,NA,NA,36.743,-122.106833333333,NA
"317","MARS-air-st-c","while CTD was in the water","04.17.2025",09:45:00,"stationary","MARS","MARS","eDNA","air","MARS","marine","0","passive","0.22","c",NA,NA,"disk",2,"Spring2025",36.743,-122.1068333,"0",0,1.985,NA,NA,NA,NA,NA,NA,NA,NA,NA,NA,NA,NA,NA,NA,36.743,-122.106833333333,NA
